aberrant,N,N2
aberrantly,N,N3
abnormal,N,N4
abnormally,N,N5
abolish,N,N6
abolishes,N,N7
abolishing,N,N8
abolished,N,N9
abominable,N,N10
abominably,N,N11
abominate,N,N12
abominates,N,N13
abominating,N,N14
abominated,N,N15
abomination,N,N16
abort,N,N17
aborted,N,N18
aborts,N,N19
aborting,N,N20
abrade,N,N21
abrades,N,N22
abrading,N,N23
abraded,N,N24
abrasive,N,N25
abrasively,N,N26
abrupt,N,N27
abruptly,N,N28
abscond,N,N29
absconds,N,N30
absconding,N,N31
absconded,N,N32
absence,N,N33
absences,N,N34
absent-minded,N,N35
absent-mindedly,N,N36
absent,N,N37
absently,N,N38
absentee,N,N39
absurd,N,N40
absurdity,N,N41
absurdly,N,N42
absurdness,N,N43
abuse,N,N44
abused,N,N45
abuses,N,N46
abusive,N,N47
abusively,N,N48
abusing,N,N49
abysmal,N,N50
abysmally,N,N51
abyss,N,N52
accost,N,N53
accosts,N,N54
accosting,N,N55
accosted,N,N56
accursed,N,N57
accusation,N,N58
accusations,N,N59
accuse,N,N60
accuses,N,N61
accusing,N,N62
accusingly,N,N63
accused,N,N64
acerbate,N,N65
acerbic,N,N66
acerbically,N,N67
acerbates,N,N68
acerbating,N,N69
acerbated,N,N70
ache,N,N71
ached,N,N72
aches,N,N73
achey,N,N74
aching,N,N75
acrid,N,N76
acridly,N,N77
acridness,N,N78
acrimonious,N,N79
acrimoniously,N,N80
acrimony,N,N81
addict,N,N82
addicted,N,N83
addicting,N,N84
addicts,N,N85
admonish,N,N86
admonisher,N,N87
admonishers,N,N88
admonishingly,N,N89
admonishment,N,N90
admonition,N,N91
admonishes,N,N92
admonishing,N,N93
admonished,N,N94
adulterate,N,N95
adulterated,N,N96
adulteration,N,N97
adulterator,N,N98
adulterators,N,N99
adversarial,N,N100
adversarially,N,N101
adversary,N,N102
adversaries,N,N103
adverse,N,N104
adversely,N,N105
adversity,N,N106
adversities,N,N107
afflict,N,N108
affliction,N,N109
afflictions,N,N110
afflictive,N,N111
afflicts,N,N112
afflicting,N,N113
afflicted,N,N114
affront,N,N115
affronts,N,N116
affronting,N,N117
affronted,N,N118
afraid,N,N119
aggravate,N,N120
aggravating,N,N121
aggravation,N,N122
aggravates,N,N123
aggravated,N,N124
aggression,N,N125
aggressive,N,N126
aggressiveness,N,N127
aggressor,N,N128
aggressors,N,N129
aggressively,N,N130
aggrieve,N,N131
aggrieved,N,N132
aggrivation,N,N133
aggrieves,N,N134
aggrieved,N,N135
aghast,N,N136
agonies,N,N137
agonize,N,N138
agonizing,N,N139
agonizingly,N,N140
agony,N,N141
agonizes,N,N142
agonized,N,N143
aground,N,N144
ail,N,N145
ailing,N,N146
ailment,N,N147
ailments,N,N148
ails,N,N149
ailed,N,N150
aimless,N,N151
aimlessly,N,N152
alarm,N,N153
alarmed,N,N154
alarming,N,N155
alarmingly,N,N156
alarms,N,N157
alien,N,N158
alienate,N,N159
alienated,N,N160
alienation,N,N161
aliens,N,N162
allegation,N,N163
allegations,N,N164
allege,N,N165
alleges,N,N166
alleging,N,N167
alleged,N,N168
allergic,N,N169
allergies,N,N170
allergy,N,N171
aloof,N,N172
altercation,N,N173
altercations,N,N174
alternate_reality,N,N175
ambush,N,N176
ambushes,N,N177
ambushing,N,N178
ambushed,N,N179
amiss,N,N180
amputate,N,N181
amputates,N,N182
amputating,N,N183
amputated,N,N184
anarchism,N,N185
anarchist,N,N186
anarchists,N,N187
anarchistic,N,N188
anarchy,N,N189
anemic,N,N190
anemically,N,N191
anger,N,N192
angrily,N,N193
angriness,N,N194
angry,N,N195
anguish,N,N196
animosity,N,N197
annihilate,N,N198
annihilates,N,N199
annihilating,N,N200
annihilated,N,N201
annihilation,N,N202
annoy,N,N203
annoyance,N,N204
annoyances,N,N205
annoyed,N,N206
annoying,N,N207
annoyingly,N,N208
annoys,N,N209
anomalous,N,N210
anomalously,N,N211
anomaly,N,N212
anomalies,N,N213
antagonism,N,N214
antagonist,N,N215
antagonists,N,N216
antagonistic,N,N217
antagonistically,N,N218
antagonize,N,N219
antagonizes,N,N220
antagonizing,N,N221
antagonized,N,N222
anti-american,N,N223
anti-black,N,N224
anti-israel,N,N225
anti-israeli,N,N226
anti-latino,N,N227
anti-liberty,N,N228
anti-military,N,N229
anti-occupation,N,N230
anti-proliferation,N,N231
anti-semite,N,N232
anti-semites,N,N233
anti-semitism,N,N234
antisocial,N,N235
antisocially,N,N236
anti-us,N,N237
anti-white,N,N238
antipathy,N,N239
antiquated,N,N240
antithetical,N,N241
antithesis,N,N242
antitheses,N,N243
anxieties,N,N244
anxiety,N,N245
anxious,N,N246
anxiously,N,N247
anxiousness,N,N248
apathetic,N,N249
apathetically,N,N250
apathy,N,N251
apocalypse,N,N252
apocalyptic,N,N253
apocalyptically,N,N254
appall,N,N255
appalled,N,N256
appalling,N,N257
appallingly,N,N258
apprehension,N,N259
apprehensions,N,N260
apprehensive,N,N261
apprehensively,N,N262
arbitrary,N,N263
arbitrarily,N,N264
arcane,N,N265
archaic,N,N266
arduous,N,N267
arduously,N,N268
argumentative,N,N269
argumentatively,N,N270
arrested,N,N271
arrogance,N,N272
arrogant,N,N273
arrogantly,N,N274
ashamed,N,N275
asinine,N,N276
asininely,N,N277
asininity,N,N278
askance,N,N279
asperse,N,N280
aspersion,N,N281
aspersions,N,N282
assail,N,N283
assails,N,N284
assailing,N,N285
assailed,N,N286
assassin,N,N287
assassins,N,N288
assassinate,N,N289
assassinates,N,N290
assassinating,N,N291
assassinated,N,N292
assault,N,N293
assaults,N,N294
assaulting,N,N295
assaulted,N,N296
astray,N,N297
atrocious,N,N298
atrociously,N,N299
atrocities,N,N300
atrocity,N,N301
atrophy,N,N302
attack,N,N303
attacking,N,N304
attacks,N,N305
attacked,N,N306
attacker,N,N307
attackers,N,N308
audacious,N,N309
audaciously,N,N310
audaciousness,N,N311
audacity,N,N312
audiciously,N,N313
authoritarian,N,N314
authoritarianism,N,N315
autocrat,N,N316
autocrats,N,N317
autocratic,N,N318
autocratically,N,N319
avalanche,N,N320
avalanches,N,N321
avarice,N,N322
avaricious,N,N323
avariciously,N,N324
avenge,N,N325
avenges,N,N326
avenging,N,N327
avenged,N,N328
averse,N,N329
aversely,N,N330
aversion,N,N331
aversions,N,N332
avoid,N,N333
avoiding,N,N334
avoids,N,N335
avoided,N,N336
awful,N,N337
awfully,N,N338
awfulness,N,N339
awkward,N,N340
awkwardly,N,N341
awkwardness,N,N342
ax,N,N343
axes,N,N344
babble,N,N345
babbles,N,N346
babbling,N,N347
babbled,N,N348
baby,N,N349
babies,N,N350
backlogged,N,N351
backwood,N,N352
backwoods,N,N353
backache,N,N354
backaches,N,N355
backaching,N,N356
backbite,N,N357
backbiting,N,N358
backbit,N,N359
backbitten,N,N360
backbites,N,N361
backward,N,N362
backwardness,N,N363
bad,N,N364
badger,N,N365
badgers,N,N366
badgering,N,N367
badgered,N,N368
badly,N,N369
baffle,N,N370
baffled,N,N371
bafflement,N,N372
baffling,N,N373
baffles,N,N374
bait,N,N375
baits,N,N376
baiting,N,N377
baited,N,N378
balk,N,N379
balks,N,N380
balking,N,N381
balked,N,N382
banal,N,N383
banally,N,N384
banalize,N,N385
banalizes,N,N386
banalizing,N,N387
banalized,N,N388
bane,N,N389
banish,N,N390
banishes,N,N391
banishing,N,N392
banished,N,N393
banishment,N,N394
bankrupt,N,N395
banshee,N,N396
banshees,N,N397
barbarian,N,N398
barbaric,N,N399
barbarically,N,N400
barbarity,N,N401
barbarous,N,N402
barbarously,N,N403
barbarians,N,N404
barred,N,N405
barreling,N,N406
barren,N,N407
barrenly,N,N408
baseless,N,N409
baselessly,N,N410
bash,N,N411
bashed,N,N412
bashful,N,N413
bashfully,N,N414
bashing,N,N415
bashes,N,N416
bastard,N,N417
bastards,N,N418
battered,N,N419
battering,N,N420
batter,N,N421
batters,N,N422
batty,N,N423
battier,N,N424
battiest,N,N425
bearish,N,N426
bearishly,N,N427
beastly,N,N428
beastlier,N,N429
beastliest,N,N430
bedlam,N,N431
bedlamite,N,N432
bedraggled,N,N433
befoul,N,N434
befouls,N,N435
befouling,N,N436
befouled,N,N437
beg,N,N438
beggar,N,N439
beggars,N,N440
beggarly,N,N441
begging,N,N442
begs,N,N443
begged,N,N444
beguile,N,N445
beguiles,N,N446
beguiling,N,N447
beguiled,N,N448
belabor,N,N449
belabors,N,N450
belaboring,N,N451
belabored,N,N452
beleaguer,N,N453
beleaguers,N,N454
beleaguering,N,N455
beleaguered,N,N456
belie,N,N457
belies,N,N458
belying,N,N459
belied,N,N460
belittle,N,N461
belittled,N,N462
belittling,N,N463
belittles,N,N464
bellicose,N,N465
bellicosely,N,N466
belligerence,N,N467
belligerent,N,N468
belligerently,N,N469
bemoan,N,N470
bemoaning,N,N471
bemoans,N,N472
bemoaned,N,N473
bemused,N,N474
bemusedly,N,N475
bend_over_backwards,N,N476
bends_over_backwards,N,N477
bending_over_backwards,N,N478
bent_over_backwards,N,N479
berate,N,N480
berates,N,N481
berating,N,N482
berated,N,N483
bereave,N,N484
bereaves,N,N485
bereaving,N,N486
bereaved,N,N487
bereavement,N,N488
bereft,N,N489
berserk,N,N490
berserkly,N,N491
beseech,N,N492
besought,N,N493
beseeched,N,N494
beseeching,N,N495
beseeches,N,N496
beset,N,N497
besetting,N,N498
besets,N,N499
besiege,N,N500
besieges,N,N501
besieging,N,N502
besieged,N,N503
besmirch,N,N504
besmirches,N,N505
besmirching,N,N506
besmirched,N,N507
bestial,N,N508
bestially,N,N509
betray,N,N510
betrayal,N,N511
betrayals,N,N512
betrayer,N,N513
betrayers,N,N514
betraying,N,N515
betrays,N,N516
betrayed,N,N517
bewail,N,N518
bewails,N,N519
bewailed,N,N520
bewailing,N,N521
beware,N,N522
bewilder,N,N523
bewildered,N,N524
bewildering,N,N525
bewilderingly,N,N526
bewilderment,N,N527
bewilders,N,N528
bewitch,N,N529
bewitches,N,N530
bewitching,N,N531
bewitched,N,N532
beyond_parody,N,N533
bias,N,N534
biased,N,N535
biases,N,N536
bicker,N,N537
bickering,N,N538
bickers,N,N539
bickered,N,N540
bid-rigging,N,N541
big_cheese,N,N542
bigot,N,N543
bigotries,N,N544
bigotry,N,N545
bigots,N,N546
bitch,N,N547
bitchy,N,N548
bitchier,N,N549
bitchiest,N,N550
bitchily,N,N551
bitches,N,N552
biting,N,N553
bitingly,N,N554
bitter,N,N555
bitterly,N,N556
bitterness,N,N557
bizarre,N,N558
bizarrely,N,N559
blab,N,N560
blabs,N,N561
blabbing,N,N562
blabbed,N,N563
blabber,N,N564
blabbers,N,N565
blabbering,N,N566
blabbered,N,N567
blackmail,N,N568
blackmails,N,N569
blackmailing,N,N570
blackmailed,N,N571
blah,N,N572
blame,N,N573
blameworthy,N,N574
blaming,N,N575
blames,N,N576
blamed,N,N577
bland,N,N578
blander,N,N579
blandest,N,N580
blandly,N,N581
blandish,N,N582
blandishes,N,N583
blandishing,N,N584
blandished,N,N585
blaspheme,N,N586
blasphemous,N,N587
blasphemously,N,N588
blasphemy,N,N589
blasphemes,N,N590
blaspheming,N,N591
blasphemed,N,N592
blasted,N,N593
blatant,N,N594
blatantly,N,N595
blather,N,N596
blathers,N,N597
blathering,N,N598
blathered,N,N599
bleak,N,N600
bleakly,N,N601
bleakness,N,N602
bleed,N,N603
bleeding,N,N604
bleeding_hearts,N,N605
bleeds,N,N606
bled,N,N607
blemish,N,N608
blemishes,N,N609
blind,N,N610
blindly,N,N611
blinding,N,N612
blindingly,N,N613
blindside,N,N614
blindsided,N,N615
blindsiding,N,N616
blister,N,N617
blistering,N,N618
blisters,N,N619
blistered,N,N620
bloated,N,N621
blockading,N,N622
blockade,N,N623
blockades,N,N624
blockaded,N,N625
blockage,N,N626
blockages,N,N627
blockhead,N,N628
blockheads,N,N629
bloodshed,N,N630
bloodthirsty,N,N631
bloodthirstily,N,N632
bloody,N,N633
bloodier,N,N634
bloodiest,N,N635
bloodily,N,N636
blotchy,N,N637
blotchier,N,N638
blotchiest,N,N639
blotchily,N,N640
blow,N,N641
blows,N,N642
blunder,N,N643
blundering,N,N644
blunders,N,N645
blundered,N,N646
blunt,N,N647
bluntly,N,N648
boastful,N,N649
boastfully,N,N650
boggle,N,N651
boggles,N,N652
boggling,N,N653
boggled,N,N654
bogus,N,N655
boil,N,N656
boiling,N,N657
boils,N,N658
boiled,N,N659
boisterous,N,N660
boisterously,N,N661
bomb,N,N662
bombs,N,N663
bombing,N,N664
bombed,N,N665
bombard,N,N666
bombardment,N,N667
bombards,N,N668
bombarding,N,N669
bombarded,N,N670
bombastic,N,N671
bombastically,N,N672
bondage,N,N673
bonkers,N,N674
bore,N,N675
bored,N,N676
boredom,N,N677
bores,N,N678
boring,N,N679
botch,N,N680
botches,N,N681
botching,N,N682
botched,N,N683
bother,N,N684
bothered,N,N685
bothering,N,N686
bothers,N,N687
bothersome,N,N688
bowdlerize,N,N689
bowdlerizes,N,N690
bowdlerizing,N,N691
bowdlerized,N,N692
boycott,N,N693
boycotts,N,N694
boycotting,N,N695
boycotted,N,N696
braggart,N,N697
braggarts,N,N698
bragger,N,N699
braggers,N,N700
brain-dead,N,N701
brainless,N,N702
brainlessly,N,N703
brainwash,N,N704
brainwashed,N,N705
brainwashes,N,N706
brainwashing,N,N707
brash,N,N708
brashly,N,N709
brashness,N,N710
brat,N,N711
brats,N,N712
bravado,N,N713
brazen,N,N714
brazenly,N,N715
brazenness,N,N716
breach,N,N717
breaches,N,N718
breaching,N,N719
breached,N,N720
break,N,N721
breakdown,N,N722
breakdowns,N,N723
breaking,N,N724
breaks,N,N725
breakup,N,N726
breakups,N,N727
bribery,N,N728
bribes,N,N729
bribe,N,N730
bribing,N,N731
bribed,N,N732
brimstone,N,N733
bristle,N,N734
bristles,N,N735
bristled,N,N736
bristling,N,N737
brittle,N,N738
brittler,N,N739
brittlest,N,N740
broke,N,N741
broken,N,N742
brokenhearted,N,N743
brood,N,N744
broods,N,N745
brooding,N,N746
brooded,N,N747
browbeat,N,N748
browbeats,N,N749
browbeating,N,N750
browbeaten,N,N751
bruise,N,N752
bruised,N,N753
bruises,N,N754
bruising,N,N755
brusque,N,N756
brusquely,N,N757
brutal,N,N758
brutalities,N,N759
brutality,N,N760
brutalize,N,N761
brutalizes,N,N762
brutalizing,N,N763
brutalized,N,N764
brutally,N,N765
brute,N,N766
brutes,N,N767
brutish,N,N768
brutishly,N,N769
bs,N,N770
buckle,N,N771
buckles,N,N772
buckled,N,N773
buckling,N,N774
buffoon,N,N775
buffoons,N,N776
bug,N,N777
bugging,N,N778
buggy,N,N779
bugs,N,N780
bugged,N,N781
bulkier,N,N782
bulkiness,N,N783
bulky,N,N784
bullies,N,N785
bullshit,N,N786
bully,N,N787
bullied,N,N788
bully_platform,N,N789
bullying,N,N790
bullyingly,N,N791
bum,N,N792
bump,N,N793
bumped,N,N794
bumping,N,N795
bumps,N,N796
bumpy,N,N797
bumpier,N,N798
bumpiest,N,N799
bumpily,N,N800
bums,N,N801
bungle,N,N802
bungler,N,N803
bunglers,N,N804
bungling,N,N805
bungled,N,N806
bungles,N,N807
bunk,N,N808
burden,N,N809
burdensome,N,N810
burdensomely,N,N811
burdens,N,N812
burdening,N,N813
burdened,N,N814
burn,N,N815
burned,N,N816
burning,N,N817
burns,N,N818
bust,N,N819
busts,N,N820
busybody,N,N821
busybodies,N,N822
butcher,N,N823
butchery,N,N824
butchers,N,N825
butchering,N,N826
butchered,N,N827
buzzing,N,N828
byzantine,N,N829
cabal,N,N830
cabals,N,N831
cackle,N,N832
cackles,N,N833
cackling,N,N834
cackled,N,N835
calamities,N,N836
calamitous,N,N837
calamitously,N,N838
calamity,N,N839
call_them_out,N,N840
callous,N,N841
callously,N,N842
calumniate,N,N843
calumniation,N,N844
calumnies,N,N845
calumnious,N,N846
calumniously,N,N847
calumny,N,N848
calumniates,N,N849
calumniating,N,N850
calumniated,N,N851
cancer,N,N852
cancerous,N,N853
cancerously,N,N854
cannibal,N,N855
cannibalize,N,N856
cannibals,N,N857
cannibalizes,N,N858
cannibalizing,N,N859
cannibalized,N,N860
capitulate,N,N861
capitulates,N,N862
capitulating,N,N863
capitulated,N,N864
capricious,N,N865
capriciously,N,N866
capriciousness,N,N867
capsize,N,N868
capsizes,N,N869
capsizing,N,N870
capsized,N,N871
careless,N,N872
carelessness,N,N873
carelessly,N,N874
caricature,N,N875
caricatures,N,N876
carnage,N,N877
carp,N,N878
carps,N,N879
carping,N,N880
carped,N,N881
cartoon,N,N882
cartoonish,N,N883
cartoons,N,N884
cash-strapped,N,N885
castigate,N,N886
castigates,N,N887
castigating,N,N888
castigated,N,N889
castrated,N,N890
castrate,N,N891
castrating,N,N892
castrates,N,N893
casualty,N,N894
casualties,N,N895
cataclysm,N,N896
cataclysmal,N,N897
cataclysmic,N,N898
cataclysmically,N,N899
cataclysms,N,N900
catastrophe,N,N901
catastrophes,N,N902
catastrophic,N,N903
catastrophically,N,N904
caustic,N,N905
caustically,N,N906
cautionary,N,N907
cave,N,N908
caves,N,N909
caving,N,N910
caved,N,N911
censure,N,N912
chafe,N,N913
chafes,N,N914
chafing,N,N915
chafed,N,N916
chaff,N,N917
chagrin,N,N918
challenging,N,N919
challengingly,N,N920
chaos,N,N921
chaotic,N,N922
chasten,N,N923
chastens,N,N924
chastened,N,N925
chastening,N,N926
chastise,N,N927
chastisement,N,N928
chastises,N,N929
chastised,N,N930
chastising,N,N931
chatterbox,N,N932
chatterboxes,N,N933
cheap,N,N934
cheapen,N,N935
cheapens,N,N936
cheapening,N,N937
cheapened,N,N938
cheaply,N,N939
cheat,N,N940
cheated,N,N941
cheater,N,N942
cheaters,N,N943
cheating,N,N944
cheats,N,N945
checkered,N,N946
cheerless,N,N947
cheerlessly,N,N948
cheesy,N,N949
cheesier,N,N950
cheesiest,N,N951
cheesily,N,N952
chide,N,N953
chides,N,N954
chided,N,N955
chiding,N,N956
childish,N,N957
childishly,N,N958
chill,N,N959
chilly,N,N960
chillier,N,N961
chilliest,N,N962
chintzy,N,N963
chintzier,N,N964
chintziest,N,N965
choke,N,N966
choked,N,N967
chokes,N,N968
choking,N,N969
choleric,N,N970
cholerically,N,N971
chopped_them_up,N,N972
chop_them_up,N,N973
chops_them_up,N,N974
chopping_them_up,N,N975
choppy,N,N976
choppier,N,N977
choppiest,N,N978
choppily,N,N979
chore,N,N980
chores,N,N981
chunky,N,N982
chunkier,N,N983
chunkiest,N,N984
chunkily,N,N985
circus,N,N986
circuses,N,N987
claim,N,N988
claims,N,N989
claiming,N,N990
claimed,N,N991
clamor,N,N992
clamorous,N,N993
clamorously,N,N994
clash,N,N995
clashes,N,N996
clashing,N,N997
clashed,N,N998
cliche,N,N999
cliched,N,N1000
clique,N,N1001
cliques,N,N1002
clog,N,N1003
clogged,N,N1004
clogs,N,N1005
clogging,N,N1006
close_up_shop,N,N1007
cloud,N,N1008
clouding,N,N1009
cloudy,N,N1010
cloudier,N,N1011
cloudiest,N,N1012
cloudily,N,N1013
clouds,N,N1014
clouded,N,N1015
clowning,N,N1016
clown,N,N1017
clowns,N,N1018
clowned,N,N1019
clueless,N,N1020
cluelessly,N,N1021
clumsy,N,N1022
clumsier,N,N1023
clumsiest,N,N1024
clumsily,N,N1025
clunky,N,N1026
clunkier,N,N1027
clunkiest,N,N1028
coarse,N,N1029
coarser,N,N1030
coarsest,N,N1031
coarsely,N,N1032
cocky,N,N1033
cockier,N,N1034
cockiest,N,N1035
cockily,N,N1036
coerce,N,N1037
coercion,N,N1038
coercive,N,N1039
coerces,N,N1040
coercing,N,N1041
coerced,N,N1042
coercively,N,N1043
cold,N,N1044
coldly,N,N1045
colder,N,N1046
coldest,N,N1047
collapse,N,N1048
collapses,N,N1049
collapsing,N,N1050
collapsed,N,N1051
collude,N,N1052
collusion,N,N1053
colluding,N,N1054
colluded,N,N1055
colludes,N,N1056
combative,N,N1057
combatively,N,N1058
combust,N,N1059
combusts,N,N1060
combusting,N,N1061
combusted,N,N1062
come_after,N,N1063
comes_after,N,N1064
coming_after,N,N1065
came_after,N,N1066
comical,N,N1067
comically,N,N1068
commiserate,N,N1069
commiserates,N,N1070
commiserated,N,N1071
commiserating,N,N1072
commotion,N,N1073
commotions,N,N1074
communism,N,N1075
communist,N,N1076
communists,N,N1077
compete,N,N1078
competes,N,N1079
competing,N,N1080
competed,N,N1081
complacent,N,N1082
complacently,N,N1083
complain,N,N1084
complained,N,N1085
complaining,N,N1086
complains,N,N1087
complaint,N,N1088
complaints,N,N1089
complicated,N,N1090
complicatedly,N,N1091
complication,N,N1092
complications,N,N1093
complicit,N,N1094
compulsion,N,N1095
compulsive,N,N1096
compulsively,N,N1097
concede,N,N1098
conceded,N,N1099
concedes,N,N1100
conceding,N,N1101
conceit,N,N1102
conceited,N,N1103
conceitedly,N,N1104
concern,N,N1105
concerned,N,N1106
concerns,N,N1107
concession,N,N1108
concessions,N,N1109
condemn,N,N1110
condemnable,N,N1111
condemnation,N,N1112
condemned,N,N1113
condemns,N,N1114
condemning,N,N1115
condescend,N,N1116
condescending,N,N1117
condescendingly,N,N1118
condescends,N,N1119
condescension,N,N1120
conditioning,N,N1121
conditioned,N,N1122
confess,N,N1123
confession,N,N1124
confessions,N,N1125
confesses,N,N1126
confessing,N,N1127
confessed,N,N1128
confined,N,N1129
conflict,N,N1130
conflicted,N,N1131
conflicting,N,N1132
conflicts,N,N1133
confound,N,N1134
confounded,N,N1135
confounding,N,N1136
confounds,N,N1137
confront,N,N1138
confrontation,N,N1139
confrontational,N,N1140
confrontationally,N,N1141
confronts,N,N1142
confronting,N,N1143
confronted,N,N1144
confuse,N,N1145
confused,N,N1146
confuses,N,N1147
confusing,N,N1148
confusion,N,N1149
confusions,N,N1150
congested,N,N1151
congestion,N,N1152
conspicuous,N,N1153
conspicuously,N,N1154
conspiracies,N,N1155
conspiracy,N,N1156
conspirator,N,N1157
conspirators,N,N1158
conspiratorial,N,N1159
conspiratorially,N,N1160
conspire,N,N1161
conspired,N,N1162
conspires,N,N1163
conspiring,N,N1164
consternation,N,N1165
constipated,N,N1166
contagious,N,N1167
contagiously,N,N1168
contaminate,N,N1169
contaminated,N,N1170
contaminates,N,N1171
contaminating,N,N1172
contamination,N,N1173
contempt,N,N1174
contemptible,N,N1175
contemptibly,N,N1176
contemptuous,N,N1177
contemptuously,N,N1178
contend,N,N1179
contention,N,N1180
contentious,N,N1181
contending,N,N1182
contends,N,N1183
contended,N,N1184
contort,N,N1185
contortion,N,N1186
contortions,N,N1187
contorts,N,N1188
contorting,N,N1189
contorted,N,N1190
contortion,N,N1191
contradict,N,N1192
contradiction,N,N1193
contradictory,N,N1194
contradicts,N,N1195
contradicting,N,N1196
contradicted,N,N1197
contradictions,N,N1198
contrariness,N,N1199
contravene,N,N1200
contravenes,N,N1201
contravening,N,N1202
contravened,N,N1203
contrive,N,N1204
contrived,N,N1205
contrives,N,N1206
contriving,N,N1207
controversial,N,N1208
controversially,N,N1209
controversy,N,N1210
controversies,N,N1211
convoluted,N,N1212
corpse,N,N1213
corpses,N,N1214
corrode,N,N1215
corrosion,N,N1216
corrosions,N,N1217
corrosive,N,N1218
corrodes,N,N1219
corroding,N,N1220
corroded,N,N1221
corrupt,N,N1222
corrupted,N,N1223
corrupting,N,N1224
corruption,N,N1225
corrupts,N,N1226
costlier,N,N1227
costly,N,N1228
costliest,N,N1229
counterproductive,N,N1230
counterproductively,N,N1231
coupists,N,N1232
coupist,N,N1233
cover-up,N,N1234
cover-ups,N,N1235
covetous,N,N1236
covetously,N,N1237
coward,N,N1238
cowardice,N,N1239
cowardly,N,N1240
cowards,N,N1241
coy,N,N1242
coyer,N,N1243
coyest,N,N1244
coyly,N,N1245
coyotes,N,N1246
crabby,N,N1247
crabbier,N,N1248
crabbiest,N,N1249
crabbily,N,N1250
crack,N,N1251
crackdown,N,N1252
cracked,N,N1253
crackpot,N,N1254
crackpots,N,N1255
cracks,N,N1256
cracking,N,N1257
craftily,N,N1258
crafty,N,N1259
craftier,N,N1260
craftiest,N,N1261
cramp,N,N1262
cramped,N,N1263
cramping,N,N1264
cramps,N,N1265
cranky,N,N1266
crankier,N,N1267
crankiest,N,N1268
crankily,N,N1269
crap,N,N1270
crappy,N,N1271
craps,N,N1272
crapped,N,N1273
crapping,N,N1274
crash,N,N1275
crashed,N,N1276
crashes,N,N1277
crashing,N,N1278
crass,N,N1279
crasser,N,N1280
crassest,N,N1281
crassly,N,N1282
craven,N,N1283
cravenly,N,N1284
craze,N,N1285
crazier,N,N1286
crazily,N,N1287
craziness,N,N1288
craziest,N,N1289
crazy,N,N1290
creak,N,N1291
creaking,N,N1292
creaks,N,N1293
creaked,N,N1294
credulous,N,N1295
credulously,N,N1296
creep,N,N1297
creeping,N,N1298
creeps,N,N1299
creepy,N,N1300
crept,N,N1301
creepier,N,N1302
creepiest,N,N1303
creepily,N,N1304
crime,N,N1305
criminal,N,N1306
crimes,N,N1307
criminals,N,N1308
cringe,N,N1309
cringed,N,N1310
cringes,N,N1311
cringing,N,N1312
cripple,N,N1313
crippled,N,N1314
cripples,N,N1315
crippling,N,N1316
crisis,N,N1317
crises,N,N1318
critic,N,N1319
critical,N,N1320
criticism,N,N1321
criticisms,N,N1322
criticize,N,N1323
criticized,N,N1324
criticizing,N,N1325
critics,N,N1326
critically,N,N1327
criticizes,N,N1328
cronyism,N,N1329
crook,N,N1330
crooked,N,N1331
crookedly,N,N1332
crooks,N,N1333
crude,N,N1334
cruder,N,N1335
crudest,N,N1336
crudely,N,N1337
cruel,N,N1338
crueler,N,N1339
cruelest,N,N1340
cruelly,N,N1341
cruelness,N,N1342
cruelties,N,N1343
cruelty,N,N1344
crumble,N,N1345
crumbling,N,N1346
crumbles,N,N1347
crumbled,N,N1348
crummy,N,N1349
crummier,N,N1350
crummiest,N,N1351
crummily,N,N1352
crumple,N,N1353
crumpled,N,N1354
crumples,N,N1355
crumpling,N,N1356
crush,N,N1357
crushed,N,N1358
crushing,N,N1359
crushes,N,N1360
cry,N,N1361
cries,N,N1362
crying,N,N1363
cried,N,N1364
crybaby,N,N1365
crybabies,N,N1366
culpable,N,N1367
culpably,N,N1368
culprit,N,N1369
culprits,N,N1370
cult,N,N1371
cults,N,N1372
cumbersome,N,N1373
cumbersomely,N,N1374
cunt,N,N1375
cunts,N,N1376
curse,N,N1377
cursed,N,N1378
curses,N,N1379
cursing,N,N1380
curt,N,N1381
curter,N,N1382
curtest,N,N1383
curtly,N,N1384
cuss,N,N1385
cussed,N,N1386
cusses,N,N1387
cussing,N,N1388
cutthroat,N,N1389
cutthroats,N,N1390
cynical,N,N1391
cynicism,N,N1392
cynically,N,N1393
damage,N,N1394
damaged,N,N1395
damages,N,N1396
damaging,N,N1397
damn,N,N1398
damnable,N,N1399
damnably,N,N1400
damnation,N,N1401
damned,N,N1402
damning,N,N1403
damper,N,N1404
dancing_on_graves,N,N1405
danger,N,N1406
dangerous,N,N1407
dangerousness,N,N1408
dangerously,N,N1409
dark,N,N1410
darken,N,N1411
darkens,N,N1412
darkening,N,N1413
darkened,N,N1414
darker,N,N1415
darkest,N,N1416
darkly,N,N1417
darkness,N,N1418
dastard,N,N1419
dastards,N,N1420
dastardly,N,N1421
daunt,N,N1422
daunting,N,N1423
dauntingly,N,N1424
daunts,N,N1425
daunted,N,N1426
dawdle,N,N1427
dawdles,N,N1428
dawdling,N,N1429
dawdled,N,N1430
daze,N,N1431
dazed,N,N1432
dead,N,N1433
deadbeat,N,N1434
deadbeats,N,N1435
deadlock,N,N1436
deadly,N,N1437
deadlier,N,N1438
deadliest,N,N1439
dead_weight,N,N1440
dead_weights,N,N1441
deaf,N,N1442
dearth,N,N1443
death,N,N1444
death_knell,N,N1445
debacle,N,N1446
debacles,N,N1447
debase,N,N1448
debases,N,N1449
debasing,N,N1450
debased,N,N1451
debasement,N,N1452
debaser,N,N1453
debasers,N,N1454
debatable,N,N1455
debatably,N,N1456
debauch,N,N1457
debauches,N,N1458
debauching,N,N1459
debauched,N,N1460
debaucher,N,N1461
debauchers,N,N1462
debauchery,N,N1463
debilitate,N,N1464
debilitating,N,N1465
debility,N,N1466
debilitates,N,N1467
debilitated,N,N1468
debilities,N,N1469
debt,N,N1470
debts,N,N1471
decadence,N,N1472
decadent,N,N1473
decadently,N,N1474
decay,N,N1475
decayed,N,N1476
decays,N,N1477
decaying,N,N1478
deceit,N,N1479
deceitful,N,N1480
deceitfully,N,N1481
deceitfulness,N,N1482
deceive,N,N1483
deceiver,N,N1484
deceivers,N,N1485
deceiving,N,N1486
deception,N,N1487
deceptive,N,N1488
deceptively,N,N1489
deceives,N,N1490
deceived,N,N1491
declaim,N,N1492
declaims,N,N1493
declaiming,N,N1494
declaimed,N,N1495
decline,N,N1496
declines,N,N1497
declining,N,N1498
declined,N,N1499
decrement,N,N1500
decrepit,N,N1501
decrepitude,N,N1502
decry,N,N1503
decries,N,N1504
decried,N,N1505
decrying,N,N1506
defamation,N,N1507
defamations,N,N1508
defamatory,N,N1509
defame,N,N1510
defames,N,N1511
defaming,N,N1512
defamed,N,N1513
defect,N,N1514
defective,N,N1515
defectively,N,N1516
defects,N,N1517
defiance,N,N1518
defiant,N,N1519
defiantly,N,N1520
deficiencies,N,N1521
deficiency,N,N1522
deficient,N,N1523
deficiently,N,N1524
defile,N,N1525
defiler,N,N1526
defilers,N,N1527
defiles,N,N1528
defiling,N,N1529
defiled,N,N1530
deform,N,N1531
deformed,N,N1532
deforms,N,N1533
deforming,N,N1534
defrauding,N,N1535
defraud,N,N1536
defrauds,N,N1537
defrauded,N,N1538
defunct,N,N1539
defy,N,N1540
defies,N,N1541
defying,N,N1542
defied,N,N1543
degenerate,N,N1544
degenerately,N,N1545
degeneration,N,N1546
degenerates,N,N1547
degradation,N,N1548
degrade,N,N1549
degraded,N,N1550
degrading,N,N1551
degradingly,N,N1552
degrades,N,N1553
dehumanization,N,N1554
dehumanize,N,N1555
dehumanizes,N,N1556
dehumanizing,N,N1557
dehumanized,N,N1558
deign,N,N1559
deigns,N,N1560
deigning,N,N1561
deigned,N,N1562
deject,N,N1563
dejected,N,N1564
dejectedly,N,N1565
dejection,N,N1566
dejects,N,N1567
dejecting,N,N1568
delay,N,N1569
delayed,N,N1570
delaying,N,N1571
delays,N,N1572
deligitimize,N,N1573
deligitimizes,N,N1574
deligitimizing,N,N1575
deligitimized,N,N1576
delinquency,N,N1577
delinquent,N,N1578
delinquents,N,N1579
delirious,N,N1580
delirium,N,N1581
deliriously,N,N1582
delude,N,N1583
deluded,N,N1584
deludes,N,N1585
deluding,N,N1586
delusion,N,N1587
delusional,N,N1588
delusions,N,N1589
demagogue,N,N1590
demagogues,N,N1591
demand,N,N1592
demands,N,N1593
demanding,N,N1594
demanded,N,N1595
demean,N,N1596
demeaning,N,N1597
demeans,N,N1598
demeaned,N,N1599
demented,N,N1600
demise,N,N1601
demolish,N,N1602
demolisher,N,N1603
demolishers,N,N1604
demolishes,N,N1605
demolishing,N,N1606
demolished,N,N1607
demon,N,N1608
demonic,N,N1609
demonize,N,N1610
demonized,N,N1611
demonizes,N,N1612
demonizing,N,N1613
demoralize,N,N1614
demoralizing,N,N1615
demoralizingly,N,N1616
demoralizes,N,N1617
demoralized,N,N1618
denial,N,N1619
denied,N,N1620
denies,N,N1621
denigrate,N,N1622
denigrates,N,N1623
denigrated,N,N1624
denigrating,N,N1625
denounce,N,N1626
denounces,N,N1627
denouncing,N,N1628
denounced,N,N1629
dense,N,N1630
denser,N,N1631
densest,N,N1632
densely,N,N1633
dent,N,N1634
dented,N,N1635
dents,N,N1636
denting,N,N1637
denunciate,N,N1638
denunciation,N,N1639
denunciations,N,N1640
denunciates,N,N1641
denunciating,N,N1642
denunciated,N,N1643
deny,N,N1644
denying,N,N1645
deplete,N,N1646
depletes,N,N1647
depleting,N,N1648
depleted,N,N1649
deplorable,N,N1650
deplorably,N,N1651
deplore,N,N1652
deploring,N,N1653
deploringly,N,N1654
deplores,N,N1655
deplored,N,N1656
deprave,N,N1657
depraved,N,N1658
depravedly,N,N1659
depraves,N,N1660
depraving,N,N1661
deprecate,N,N1662
deprecates,N,N1663
deprecating,N,N1664
deprecated,N,N1665
depress,N,N1666
depressed,N,N1667
depressing,N,N1668
depressingly,N,N1669
depression,N,N1670
depressions,N,N1671
depresses,N,N1672
deprive,N,N1673
deprived,N,N1674
deprives,N,N1675
depriving,N,N1676
deranged,N,N1677
deride,N,N1678
derision,N,N1679
derisive,N,N1680
derisively,N,N1681
derisiveness,N,N1682
derides,N,N1683
deriding,N,N1684
derided,N,N1685
derogatory,N,N1686
derogatorily,N,N1687
desecrate,N,N1688
desecrates,N,N1689
desecrating,N,N1690
desecrated,N,N1691
desert,N,N1692
desertion,N,N1693
deserts,N,N1694
deserting,N,N1695
deserted,N,N1696
desiccate,N,N1697
desiccated,N,N1698
desiccates,N,N1699
desiccating,N,N1700
desolate,N,N1701
desolately,N,N1702
desolation,N,N1703
despair,N,N1704
despairing,N,N1705
despairingly,N,N1706
despairs,N,N1707
despaired,N,N1708
desperate,N,N1709
desperately,N,N1710
desperation,N,N1711
despicable,N,N1712
despicably,N,N1713
despise,N,N1714
despised,N,N1715
despises,N,N1716
despising,N,N1717
despoil,N,N1718
despoiler,N,N1719
despoils,N,N1720
despoiling,N,N1721
despoiled,N,N1722
despondence,N,N1723
despondency,N,N1724
despondent,N,N1725
despondently,N,N1726
despot,N,N1727
despotic,N,N1728
despotism,N,N1729
despotically,N,N1730
destabilization,N,N1731
destitute,N,N1732
destitution,N,N1733
destitutely,N,N1734
destroy,N,N1735
destroyed,N,N1736
destroyer,N,N1737
destroying,N,N1738
destruction,N,N1739
destructive,N,N1740
destroys,N,N1741
desultory,N,N1742
desultorily,N,N1743
deter,N,N1744
deters,N,N1745
detering,N,N1746
detered,N,N1747
deteriorate,N,N1748
deteriorating,N,N1749
deterioration,N,N1750
deteriorates,N,N1751
deteriorated,N,N1752
deterrent,N,N1753
deterrents,N,N1754
detest,N,N1755
detestable,N,N1756
detestably,N,N1757
detested,N,N1758
detesting,N,N1759
detests,N,N1760
detract,N,N1761
detracted,N,N1762
detracting,N,N1763
detraction,N,N1764
detracts,N,N1765
detriment,N,N1766
detrimental,N,N1767
detrimentally,N,N1768
devastate,N,N1769
devastated,N,N1770
devastates,N,N1771
devastating,N,N1772
devastatingly,N,N1773
devastation,N,N1774
deviant,N,N1775
deviate,N,N1776
deviation,N,N1777
deviants,N,N1778
deviates,N,N1779
deviating,N,N1780
deviated,N,N1781
devil,N,N1782
devilish,N,N1783
devilishly,N,N1784
devilment,N,N1785
devilry,N,N1786
devious,N,N1787
deviously,N,N1788
deviousness,N,N1789
devoid,N,N1790
devour,N,N1791
devoured,N,N1792
devours,N,N1793
devouring,N,N1794
diabolic,N,N1795
diabolical,N,N1796
diabolically,N,N1797
diametrically,N,N1798
diatribe,N,N1799
diatribes,N,N1800
dick,N,N1801
dicks,N,N1802
dictator,N,N1803
dictatorial,N,N1804
dictators,N,N1805
dictatorially,N,N1806
did_nothing,N,N1807
die,N,N1808
die-hard,N,N1809
died,N,N1810
dies,N,N1811
difficult,N,N1812
difficulties,N,N1813
difficulty,N,N1814
difficultly,N,N1815
diffidence,N,N1816
dilapidated,N,N1817
dilemma,N,N1818
dilemmas,N,N1819
dillydally,N,N1820
dillydallies,N,N1821
dillydallying,N,N1822
dillydallied,N,N1823
dim,N,N1824
dimmer,N,N1825
dimmest,N,N1826
dimly,N,N1827
din,N,N1828
ding,N,N1829
dings,N,N1830
dinging,N,N1831
dinged,N,N1832
dinky,N,N1833
dinkier,N,N1834
dinkiest,N,N1835
dire,N,N1836
direly,N,N1837
direness,N,N1838
dirt,N,N1839
dirt_bag,N,N1840
dirt_bags,N,N1841
dirts,N,N1842
dirty,N,N1843
dirtily,N,N1844
disable,N,N1845
disabled,N,N1846
disables,N,N1847
disabling,N,N1848
disaccord,N,N1849
disaccords,N,N1850
disaccording,N,N1851
disaccorded,N,N1852
disadvantage,N,N1853
disadvantaged,N,N1854
disadvantageous,N,N1855
disadvantages,N,N1856
disaffect,N,N1857
disaffected,N,N1858
disaffects,N,N1859
disaffecting,N,N1860
disaffirm,N,N1861
disaffirms,N,N1862
disaffirming,N,N1863
disaffirmed,N,N1864
disagree,N,N1865
disagreeable,N,N1866
disagreeably,N,N1867
disagreed,N,N1868
disagreeing,N,N1869
disagreement,N,N1870
disagreements,N,N1871
disagrees,N,N1872
disallow,N,N1873
disallows,N,N1874
disallowing,N,N1875
disallowed,N,N1876
disappear,N,N1877
disappears,N,N1878
disappearing,N,N1879
disappeared,N,N1880
disappoint,N,N1881
disappointed,N,N1882
disappointedly,N,N1883
disappointing,N,N1884
disappointingly,N,N1885
disappointment,N,N1886
disappointments,N,N1887
disappoints,N,N1888
disapprobation,N,N1889
disapproval,N,N1890
disapprove,N,N1891
disapproving,N,N1892
disapproves,N,N1893
disapproved,N,N1894
disarm,N,N1895
disarms,N,N1896
disarming,N,N1897
disarmed,N,N1898
disarray,N,N1899
disaster,N,N1900
disastrous,N,N1901
disastrously,N,N1902
disasters,N,N1903
disavow,N,N1904
disavowal,N,N1905
disavows,N,N1906
disavowing,N,N1907
disavowed,N,N1908
disbelief,N,N1909
disbelieve,N,N1910
disbeliever,N,N1911
disbelievers,N,N1912
disbelieves,N,N1913
disbelieving,N,N1914
disbelieved,N,N1915
disclaim,N,N1916
disclaims,N,N1917
disclaiming,N,N1918
disclaimed,N,N1919
discombobulate,N,N1920
discombobulates,N,N1921
discombobulating,N,N1922
discombobulated,N,N1923
discomfit,N,N1924
discomfititure,N,N1925
discomfits,N,N1926
discomfitting,N,N1927
discomfitted,N,N1928
discomfort,N,N1929
discompose,N,N1930
discomposes,N,N1931
discomposing,N,N1932
discomposed,N,N1933
disconcert,N,N1934
disconcerted,N,N1935
disconcerting,N,N1936
disconcertingly,N,N1937
disconnect,N,N1938
disconnected,N,N1939
disconnects,N,N1940
disconnecting,N,N1941
disconsolate,N,N1942
disconsolately,N,N1943
disconsolation,N,N1944
discontent,N,N1945
discontented,N,N1946
discontentedly,N,N1947
discontinued,N,N1948
discontinuity,N,N1949
discontinuous,N,N1950
discontinue,N,N1951
discontinuing,N,N1952
discontinues,N,N1953
discord,N,N1954
discordance,N,N1955
discordant,N,N1956
discordantly,N,N1957
discountenance,N,N1958
discourage,N,N1959
discouragement,N,N1960
discouraging,N,N1961
discouragingly,N,N1962
discourages,N,N1963
discouraged,N,N1964
discourteous,N,N1965
discourteously,N,N1966
discredit,N,N1967
discredits,N,N1968
discrediting,N,N1969
discredited,N,N1970
discrepant,N,N1971
discrepantly,N,N1972
discriminate,N,N1973
discrimination,N,N1974
discriminatory,N,N1975
discriminates,N,N1976
discriminating,N,N1977
discriminated,N,N1978
disdain,N,N1979
disdained,N,N1980
disdainful,N,N1981
disdainfully,N,N1982
disfavor,N,N1983
disgrace,N,N1984
disgraced,N,N1985
disgraceful,N,N1986
disgracefully,N,N1987
disgraces,N,N1988
disgracing,N,N1989
disgruntle,N,N1990
disgruntled,N,N1991
disgruntles,N,N1992
disgruntling,N,N1993
disgust,N,N1994
disgusted,N,N1995
disgustedly,N,N1996
disgustful,N,N1997
disgustfully,N,N1998
disgusting,N,N1999
disgustingly,N,N2000
disgusts,N,N2001
dishearten,N,N2002
disheartening,N,N2003
dishearteningly,N,N2004
disheartens,N,N2005
disheartened,N,N2006
dishonest,N,N2007
dishonestly,N,N2008
dishonesty,N,N2009
dishonor,N,N2010
dishonorable,N,N2011
dishonorably,N,N2012
disillusion,N,N2013
disillusioned,N,N2014
disillusionment,N,N2015
disillusions,N,N2016
disinclination,N,N2017
disinclined,N,N2018
disincline,N,N2019
disinclines,N,N2020
disinclining,N,N2021
disingenuous,N,N2022
disingenuously,N,N2023
disintegrate,N,N2024
disintegrated,N,N2025
disintegrates,N,N2026
disintegration,N,N2027
disintegrating,N,N2028
disinterest,N,N2029
disinterested,N,N2030
dislike,N,N2031
disliked,N,N2032
dislikes,N,N2033
disliking,N,N2034
dislocated,N,N2035
dislocate,N,N2036
dislocates,N,N2037
dislocating,N,N2038
disloyal,N,N2039
disloyalty,N,N2040
dismal,N,N2041
dismally,N,N2042
dismalness,N,N2043
dismay,N,N2044
dismayed,N,N2045
dismaying,N,N2046
dismayingly,N,N2047
dismissive,N,N2048
dismissively,N,N2049
disobedience,N,N2050
disobedient,N,N2051
disobey,N,N2052
disobeys,N,N2053
disobeying,N,N2054
disobeyed,N,N2055
disobediently,N,N2056
disorder,N,N2057
disordered,N,N2058
disorderly,N,N2059
disorganized,N,N2060
disorient,N,N2061
disoriented,N,N2062
disorients,N,N2063
disorienting,N,N2064
disown,N,N2065
disowns,N,N2066
disowning,N,N2067
disowned,N,N2068
disparage,N,N2069
disparaging,N,N2070
disparagingly,N,N2071
disparages,N,N2072
disparaged,N,N2073
dispensable,N,N2074
dispirit,N,N2075
dispirited,N,N2076
dispiritedly,N,N2077
dispiriting,N,N2078
dispirits,N,N2079
displace,N,N2080
displaced,N,N2081
displaces,N,N2082
displacing,N,N2083
displease,N,N2084
displeased,N,N2085
displeasing,N,N2086
displeasure,N,N2087
displeases,N,N2088
disproportionate,N,N2089
disproportionately,N,N2090
disprove,N,N2091
disproves,N,N2092
disproving,N,N2093
disproved,N,N2094
disputable,N,N2095
disputably,N,N2096
dispute,N,N2097
disputed,N,N2098
disputes,N,N2099
disputing,N,N2100
disquiet,N,N2101
disquieting,N,N2102
disquietingly,N,N2103
disquietude,N,N2104
disquiets,N,N2105
disquieted,N,N2106
disregard,N,N2107
disregardful,N,N2108
disregardfully,N,N2109
disreputable,N,N2110
disrepute,N,N2111
disreputably,N,N2112
disrespect,N,N2113
disrespectable,N,N2114
disrespectability,N,N2115
disrespectful,N,N2116
disrespectfully,N,N2117
disrespectfulness,N,N2118
disrespecting,N,N2119
disrupt,N,N2120
disruption,N,N2121
disruptive,N,N2122
disrupts,N,N2123
disrupting,N,N2124
disrupted,N,N2125
disruptions,N,N2126
disruptively,N,N2127
diss,N,N2128
disses,N,N2129
dissing,N,N2130
dissed,N,N2131
dissatisfaction,N,N2132
dissatisfactory,N,N2133
dissatisfied,N,N2134
dissatisfies,N,N2135
dissatisfy,N,N2136
dissatisfying,N,N2137
dissemble,N,N2138
dissembler,N,N2139
dissembles,N,N2140
dissembling,N,N2141
dissembled,N,N2142
dissemblers,N,N2143
dissension,N,N2144
dissent,N,N2145
dissenter,N,N2146
dissention,N,N2147
dissents,N,N2148
dissenting,N,N2149
dissented,N,N2150
disservice,N,N2151
dissidence,N,N2152
dissident,N,N2153
dissidents,N,N2154
dissocial,N,N2155
dissolute,N,N2156
dissolution,N,N2157
dissolutely,N,N2158
dissonance,N,N2159
dissonant,N,N2160
dissonantly,N,N2161
dissuade,N,N2162
dissuasive,N,N2163
dissuades,N,N2164
dissuading,N,N2165
dissuaded,N,N2166
dissuasively,N,N2167
distaste,N,N2168
distasteful,N,N2169
distastefully,N,N2170
distort,N,N2171
distorted,N,N2172
distortion,N,N2173
distorts,N,N2174
distorting,N,N2175
distract,N,N2176
distracting,N,N2177
distraction,N,N2178
distracts,N,N2179
distracted,N,N2180
distractions,N,N2181
distraught,N,N2182
distraughtly,N,N2183
distraughtness,N,N2184
distress,N,N2185
distressed,N,N2186
distressing,N,N2187
distressingly,N,N2188
distresses,N,N2189
distrust,N,N2190
distrustful,N,N2191
distrusting,N,N2192
distrusts,N,N2193
distrusted,N,N2194
disturb,N,N2195
disturbance,N,N2196
disturbed,N,N2197
disturbing,N,N2198
disturbingly,N,N2199
disturbs,N,N2200
disturbances,N,N2201
disunity,N,N2202
disvalue,N,N2203
divergent,N,N2204
divergently,N,N2205
divide,N,N2206
dividing,N,N2207
division,N,N2208
divisive,N,N2209
divisively,N,N2210
divisiveness,N,N2211
divides,N,N2212
divided,N,N2213
divisions,N,N2214
dizzy,N,N2215
dizzier,N,N2216
dizziest,N,N2217
dizzily,N,N2218
do_pr_for,N,N2219
do_whatever_they_want,N,N2220
doddering,N,N2221
dodder,N,N2222
dodders,N,N2223
doddered,N,N2224
doesn't_care,N,N2225
doesn't_believe,N,N2226
dog,N,N2227
dogs,N,N2228
dogged,N,N2229
doggedly,N,N2230
dogmatic,N,N2231
dogmatically,N,N2232
doldrums,N,N2233
domineer,N,N2234
domineering,N,N2235
domineers,N,N2236
domineered,N,N2237
don't_give,N,N2238
don't_give_a_hoot,N,N2239
don't_respect,N,N2240
don't_support,N,N2241
don't_trust,N,N2242
don't_want,N,N2243
don't_believe,N,N2244
don't_understand,N,N2245
doom,N,N2246
doomed,N,N2247
doomsday,N,N2248
dooms,N,N2249
dooming,N,N2250
dope,N,N2251
doubt,N,N2252
doubtful,N,N2253
doubtfully,N,N2254
doubts,N,N2255
doubting,N,N2256
doubted,N,N2257
douchebag,N,N2258
douchebags,N,N2259
downbeat,N,N2260
downcast,N,N2261
downcastly,N,N2262
downer,N,N2263
downfall,N,N2264
downfallen,N,N2265
downgrade,N,N2266
downgrades,N,N2267
downgrading,N,N2268
downgraded,N,N2269
downhearted,N,N2270
downheartedly,N,N2271
downhill,N,N2272
downside,N,N2273
downsides,N,N2274
downturn,N,N2275
downturns,N,N2276
drab,N,N2277
drabber,N,N2278
drabbest,N,N2279
drably,N,N2280
draconian,N,N2281
draconic,N,N2282
draconically,N,N2283
drag,N,N2284
dragged,N,N2285
dragging,N,N2286
drags,N,N2287
dragoon,N,N2288
drain,N,N2289
drained,N,N2290
draining,N,N2291
drains,N,N2292
drastic,N,N2293
drastically,N,N2294
drawback,N,N2295
drawbacks,N,N2296
dread,N,N2297
dreadful,N,N2298
dreadfully,N,N2299
dreadfulness,N,N2300
dreads,N,N2301
dreading,N,N2302
dreaded,N,N2303
dreary,N,N2304
drearier,N,N2305
dreariest,N,N2306
drearily,N,N2307
drive-by,N,N2308
drones,N,N2309
drone,N,N2310
droning,N,N2311
droned,N,N2312
droop,N,N2313
droops,N,N2314
drooping,N,N2315
drooped,N,N2316
dropout,N,N2317
dropouts,N,N2318
dropping_babies,N,N2319
drought,N,N2320
droughts,N,N2321
drowning,N,N2322
drown,N,N2323
drowns,N,N2324
drowned,N,N2325
drug_addiction,N,N2326
drunk,N,N2327
drunkard,N,N2328
drunkards,N,N2329
drunken,N,N2330
drunkenly,N,N2331
dubious,N,N2332
dubiously,N,N2333
dubitable,N,N2334
dubitably,N,N2335
dud,N,N2336
duds,N,N2337
dull,N,N2338
duller,N,N2339
dullest,N,N2340
dully,N,N2341
dullard,N,N2342
dullards,N,N2343
dumb,N,N2344
dumbest,N,N2345
dumber,N,N2346
dumbly,N,N2347
dumbfound,N,N2348
dumbfounds,N,N2349
dumbfounding,N,N2350
dumbfounded,N,N2351
dump,N,N2352
dumped,N,N2353
dumping,N,N2354
dumps,N,N2355
dunce,N,N2356
dunces,N,N2357
dungeon,N,N2358
dungeons,N,N2359
dupe,N,N2360
dupes,N,N2361
duping,N,N2362
duped,N,N2363
dust,N,N2364
dusty,N,N2365
dustier,N,N2366
dustiest,N,N2367
dwindling,N,N2368
dwindle,N,N2369
dwindles,N,N2370
dwindled,N,N2371
dying,N,N2372
earsplitting,N,N2373
eating_out_of_their_hands,N,N2374
eccentric,N,N2375
eccentricity,N,N2376
eccentrically,N,N2377
effigy,N,N2378
effigies,N,N2379
effrontery,N,N2380
effronteries,N,N2381
eggheads,N,N2382
egghead,N,N2383
egocentric,N,N2384
egomania,N,N2385
egotism,N,N2386
egotistical,N,N2387
egotistically,N,N2388
egregious,N,N2389
egregiously,N,N2390
election-rigger,N,N2391
eliminate,N,N2392
eliminated,N,N2393
elimination,N,N2394
eliminating,N,N2395
eliminates,N,N2396
elites,N,N2397
elite,N,N2398
emaciated,N,N2399
emasculate,N,N2400
emasculates,N,N2401
emasculating,N,N2402
emasculated,N,N2403
embarrass,N,N2404
embarrassing,N,N2405
embarrassingly,N,N2406
embarrassment,N,N2407
embarrassments,N,N2408
embarrasses,N,N2409
embarrassed,N,N2410
embattled,N,N2411
embroil,N,N2412
embroiled,N,N2413
embroilment,N,N2414
embroils,N,N2415
embroiling,N,N2416
emptiness,N,N2417
enablers,N,N2418
enabler,N,N2419
encroach,N,N2420
encroachment,N,N2421
encroaches,N,N2422
encroaching,N,N2423
encroached,N,N2424
endanger,N,N2425
endangers,N,N2426
endangering,N,N2427
endangered,N,N2428
enemies,N,N2429
enemy,N,N2430
enervate,N,N2431
enervates,N,N2432
enervating,N,N2433
enervated,N,N2434
enfeeble,N,N2435
enfeebles,N,N2436
enfeebling,N,N2437
enfeebled,N,N2438
enflame,N,N2439
enflamed,N,N2440
enflames,N,N2441
enflaming,N,N2442
engulf,N,N2443
engulfs,N,N2444
engulfing,N,N2445
engulfed,N,N2446
enmity,N,N2447
enrage,N,N2448
enraged,N,N2449
enraging,N,N2450
enrages,N,N2451
enslave,N,N2452
enslaving,N,N2453
enslaved,N,N2454
enslaves,N,N2455
entangle,N,N2456
entanglement,N,N2457
entangles,N,N2458
entangling,N,N2459
entangled,N,N2460
entrap,N,N2461
entrapment,N,N2462
entraps,N,N2463
entrapping,N,N2464
entrapped,N,N2465
envious,N,N2466
enviously,N,N2467
enviousness,N,N2468
epidemic,N,N2469
epidemics,N,N2470
equivocal,N,N2471
equivocally,N,N2472
erase,N,N2473
erases,N,N2474
erasing,N,N2475
erased,N,N2476
erode,N,N2477
erodes,N,N2478
erosion,N,N2479
eroding,N,N2480
eroded,N,N2481
err,N,N2482
errant,N,N2483
errs,N,N2484
erring,N,N2485
erred,N,N2486
errantly,N,N2487
erratic,N,N2488
erratically,N,N2489
erroneous,N,N2490
erroneously,N,N2491
error,N,N2492
errors,N,N2493
eruptions,N,N2494
eruption,N,N2495
escapade,N,N2496
escapades,N,N2497
eschew,N,N2498
eschews,N,N2499
eschewing,N,N2500
eschewed,N,N2501
estranged,N,N2502
evade,N,N2503
evasion,N,N2504
evasive,N,N2505
evades,N,N2506
evading,N,N2507
evaded,N,N2508
evasions,N,N2509
evasively,N,N2510
evil,N,N2511
evildoer,N,N2512
evils,N,N2513
evilly,N,N2514
eviscerate,N,N2515
eviscerates,N,N2516
eviscerating,N,N2517
eviscerated,N,N2518
exacerbate,N,N2519
exacerbates,N,N2520
exacerbating,N,N2521
exacerbated,N,N2522
exaggerate,N,N2523
exaggeration,N,N2524
exaggerates,N,N2525
exaggerating,N,N2526
exaggerated,N,N2527
exasperate,N,N2528
exasperated,N,N2529
exasperating,N,N2530
exasperatingly,N,N2531
exasperation,N,N2532
exasperates,N,N2533
excessive,N,N2534
excessively,N,N2535
excluded,N,N2536
exclusion,N,N2537
exclude,N,N2538
excludes,N,N2539
excluding,N,N2540
excoriate,N,N2541
excoriates,N,N2542
excoriated,N,N2543
excoriating,N,N2544
excruciating,N,N2545
excruciatingly,N,N2546
excuse,N,N2547
excuses,N,N2548
execrate,N,N2549
execrates,N,N2550
execrating,N,N2551
execrated,N,N2552
exhaust,N,N2553
exhausted,N,N2554
exhaustion,N,N2555
exhausts,N,N2556
exhausting,N,N2557
exhort,N,N2558
exhorts,N,N2559
exhorting,N,N2560
exhorted,N,N2561
exile,N,N2562
exiles,N,N2563
exiling,N,N2564
exiled,N,N2565
exorbitant,N,N2566
exorbitantance,N,N2567
exorbitantly,N,N2568
expel,N,N2569
expels,N,N2570
expelling,N,N2571
expelled,N,N2572
expensive,N,N2573
expensively,N,N2574
expire,N,N2575
expired,N,N2576
expires,N,N2577
expiring,N,N2578
explode,N,N2579
explodes,N,N2580
exploding,N,N2581
exploded,N,N2582
exploit,N,N2583
exploitation,N,N2584
exploits,N,N2585
exploiting,N,N2586
exploited,N,N2587
explosive,N,N2588
explosively,N,N2589
expropriate,N,N2590
expropriates,N,N2591
expropriating,N,N2592
expropriated,N,N2593
expropriation,N,N2594
expropriations,N,N2595
expulse,N,N2596
expulses,N,N2597
expulsing,N,N2598
expulsed,N,N2599
expunge,N,N2600
expunges,N,N2601
expunging,N,N2602
expunged,N,N2603
exterminate,N,N2604
extermination,N,N2605
exterminates,N,N2606
exterminating,N,N2607
exterminated,N,N2608
extinguish,N,N2609
extinguishes,N,N2610
extinguishing,N,N2611
extinguished,N,N2612
extort,N,N2613
extortion,N,N2614
extorts,N,N2615
extorting,N,N2616
extorted,N,N2617
extraneous,N,N2618
extraneously,N,N2619
extravagance,N,N2620
extravagant,N,N2621
extravagantly,N,N2622
extremism,N,N2623
extremist,N,N2624
extremists,N,N2625
eyesore,N,N2626
fabricate,N,N2627
fabrication,N,N2628
fabricates,N,N2629
fabricating,N,N2630
fabricated,N,N2631
fabrications,N,N2632
facetious,N,N2633
facetiously,N,N2634
fail,N,N2635
failed,N,N2636
failing,N,N2637
fails,N,N2638
failure,N,N2639
failures,N,N2640
fainthearted,N,N2641
faithless,N,N2642
faithlessly,N,N2643
fake,N,N2644
fall,N,N2645
fallacies,N,N2646
fallacious,N,N2647
fallaciously,N,N2648
fallaciousness,N,N2649
fallacy,N,N2650
fallen,N,N2651
falling,N,N2652
fallout,N,N2653
falls,N,N2654
false_narrative,N,N2655
falsehood,N,N2656
falsehoods,N,N2657
falsely,N,N2658
falsify,N,N2659
falsifies,N,N2660
falsifying,N,N2661
falsified,N,N2662
falter,N,N2663
faltered,N,N2664
falters,N,N2665
faltering,N,N2666
famine,N,N2667
famines,N,N2668
famished,N,N2669
fanatic,N,N2670
fanatical,N,N2671
fanatically,N,N2672
fanaticism,N,N2673
fanatics,N,N2674
fanciful,N,N2675
fancifully,N,N2676
far-fetched,N,N2677
farce,N,N2678
farcical,N,N2679
farcical-yet-provocative,N,N2680
farcically,N,N2681
fascism,N,N2682
fascist,N,N2683
fastidious,N,N2684
fastidiously,N,N2685
fastuous,N,N2686
fastuously,N,N2687
fat,N,N2688
fatter,N,N2689
fattest,N,N2690
fat_cat,N,N2691
fat_cats,N,N2692
fatal,N,N2693
fatalistic,N,N2694
fatalistically,N,N2695
fatally,N,N2696
fateful,N,N2697
fatefully,N,N2698
fathomless,N,N2699
fatigue,N,N2700
fatigued,N,N2701
fatty,N,N2702
fatuity,N,N2703
fatuous,N,N2704
fatuously,N,N2705
fault,N,N2706
faults,N,N2707
faulty,N,N2708
fawning,N,N2709
fawningly,N,N2710
faze,N,N2711
fazes,N,N2712
fazing,N,N2713
fazed,N,N2714
fear,N,N2715
fearful,N,N2716
fearfully,N,N2717
fears,N,N2718
fearing,N,N2719
feared,N,N2720
fearsome,N,N2721
fearsomely,N,N2722
feckless,N,N2723
fecklessly,N,N2724
feeble,N,N2725
feebly,N,N2726
feebler,N,N2727
feeblest,N,N2728
feebleminded,N,N2729
feeblemindedly,N,N2730
feeding,N,N2731
feed,N,N2732
feeds,N,N2733
fed,N,N2734
feign,N,N2735
feigned,N,N2736
feigning,N,N2737
feint,N,N2738
feints,N,N2739
feigns,N,N2740
fell,N,N2741
felon,N,N2742
felonious,N,N2743
felons,N,N2744
feloniously,N,N2745
ferociously,N,N2746
ferocity,N,N2747
ferocious,N,N2748
fetid,N,N2749
fetidly,N,N2750
fever,N,N2751
feverish,N,N2752
fevers,N,N2753
feverishly,N,N2754
fiasco,N,N2755
fiascos,N,N2756
fib,N,N2757
fibber,N,N2758
fibs,N,N2759
fibbers,N,N2760
fickle,N,N2761
fiction,N,N2762
fictional,N,N2763
fictionally,N,N2764
fictitious,N,N2765
fictitiously,N,N2766
fidget,N,N2767
fidgety,N,N2768
fidgets,N,N2769
fidgeting,N,N2770
fidgeted,N,N2771
fiend,N,N2772
fiendish,N,N2773
fiends,N,N2774
fiendishly,N,N2775
fierce,N,N2776
fiercely,N,N2777
fight,N,N2778
fighter,N,N2779
fighting,N,N2780
fights,N,N2781
fighters,N,N2782
filth,N,N2783
filthy,N,N2784
filthier,N,N2785
filthiest,N,N2786
filthily,N,N2787
finagle,N,N2788
finagles,N,N2789
finagling,N,N2790
finagled,N,N2791
finicky,N,N2792
fissures,N,N2793
fissure,N,N2794
fist,N,N2795
flabbergast,N,N2796
flabbergasted,N,N2797
flabbergasts,N,N2798
flabbergasting,N,N2799
flagging,N,N2800
flagrant,N,N2801
flagrantly,N,N2802
flak,N,N2803
flake,N,N2804
flakiness,N,N2805
flaking,N,N2806
flaky,N,N2807
flakier,N,N2808
flakiest,N,N2809
flakily,N,N2810
flakes,N,N2811
flaked,N,N2812
flare,N,N2813
flares,N,N2814
flareup,N,N2815
flareups,N,N2816
flaunt,N,N2817
flaunts,N,N2818
flaunting,N,N2819
flaunted,N,N2820
flaw,N,N2821
flawed,N,N2822
flaws,N,N2823
flee,N,N2824
fleeing,N,N2825
fleer,N,N2826
fleers,N,N2827
flees,N,N2828
fled,N,N2829
fleeting,N,N2830
flicker,N,N2831
flickering,N,N2832
flickers,N,N2833
flickered,N,N2834
flies,N,N2835
flighty,N,N2836
flightier,N,N2837
flightiest,N,N2838
flimflam,N,N2839
flimsy,N,N2840
flimsier,N,N2841
flimsiest,N,N2842
flirt,N,N2843
flirty,N,N2844
flirts,N,N2845
flirting,N,N2846
flirted,N,N2847
flood,N,N2848
floored,N,N2849
flounder,N,N2850
floundering,N,N2851
flounders,N,N2852
floundered,N,N2853
flout,N,N2854
flouts,N,N2855
flouting,N,N2856
flouted,N,N2857
fluster,N,N2858
flusters,N,N2859
flustering,N,N2860
flustered,N,N2861
foe,N,N2862
foes,N,N2863
fool,N,N2864
fooled,N,N2865
foolhardy,N,N2866
foolish,N,N2867
foolishly,N,N2868
foolishness,N,N2869
fools,N,N2870
fooling,N,N2871
forbid,N,N2872
forbidden,N,N2873
forbidding,N,N2874
forbids,N,N2875
forbade,N,N2876
force,N,N2877
forced,N,N2878
forceful,N,N2879
forcing,N,N2880
forces,N,N2881
forcefully,N,N2882
foreboding,N,N2883
forebodingly,N,N2884
foreign_language,N,N2885
forfeit,N,N2886
forfeits,N,N2887
forfeiting,N,N2888
forfeited,N,N2889
forged,N,N2890
forgetful,N,N2891
forgetfully,N,N2892
forgetfulness,N,N2893
forlorn,N,N2894
forlornly,N,N2895
forsake,N,N2896
forsaken,N,N2897
forswear,N,N2898
forswears,N,N2899
forswore,N,N2900
forsworn,N,N2901
forswearing,N,N2902
fought,N,N2903
foul,N,N2904
foully,N,N2905
foulness,N,N2906
fractious,N,N2907
fractiously,N,N2908
fracture,N,N2909
fractures,N,N2910
fragile,N,N2911
fragmented,N,N2912
frail,N,N2913
frantic,N,N2914
frantically,N,N2915
fraud,N,N2916
fraudulent,N,N2917
fraudulently,N,N2918
fraught,N,N2919
frazzle,N,N2920
frazzled,N,N2921
frazzles,N,N2922
frazzling,N,N2923
freak,N,N2924
freaking,N,N2925
freakish,N,N2926
freakishly,N,N2927
freaks,N,N2928
freaked,N,N2929
freeloading,N,N2930
freeload,N,N2931
freeloader,N,N2932
freeloads,N,N2933
freeloaded,N,N2934
frenetic,N,N2935
frenetically,N,N2936
frenzied,N,N2937
frenzy,N,N2938
fret,N,N2939
fretful,N,N2940
fretfully,N,N2941
frets,N,N2942
fretting,N,N2943
fretted,N,N2944
friction,N,N2945
frictions,N,N2946
fried,N,N2947
frigging,N,N2948
fright,N,N2949
frighten,N,N2950
frightening,N,N2951
frighteningly,N,N2952
frightful,N,N2953
frightfully,N,N2954
frights,N,N2955
frightened,N,N2956
frigid,N,N2957
frigidly,N,N2958
frown,N,N2959
frowns,N,N2960
fruitless,N,N2961
fruitlessly,N,N2962
frustrate,N,N2963
frustrated,N,N2964
frustrates,N,N2965
frustrating,N,N2966
frustratingly,N,N2967
frustration,N,N2968
frustrations,N,N2969
fuck,N,N2970
fucking,N,N2971
fucks,N,N2972
fudge,N,N2973
fucked,N,N2974
fugitive,N,N2975
fugitives,N,N2976
fulminate,N,N2977
fulminates,N,N2978
fulminating,N,N2979
fulminated,N,N2980
fumble,N,N2981
fumbles,N,N2982
fumbling,N,N2983
fumbled,N,N2984
fume,N,N2985
fumes,N,N2986
fundamentalism,N,N2987
funky,N,N2988
funkier,N,N2989
funkiest,N,N2990
funkily,N,N2991
furious,N,N2992
furiously,N,N2993
furor,N,N2994
fury,N,N2995
fuss,N,N2996
fussy,N,N2997
fussier,N,N2998
fussiest,N,N2999
fustigate,N,N3000
fustigates,N,N3001
fustigating,N,N3002
fustigated,N,N3003
fusty,N,N3004
fustier,N,N3005
fustiest,N,N3006
fustily,N,N3007
futile,N,N3008
futilely,N,N3009
futility,N,N3010
fuzzy,N,N3011
fuzzier,N,N3012
fuzziest,N,N3013
fuzzily,N,N3014
gabble,N,N3015
gabbles,N,N3016
gabbling,N,N3017
gabbled,N,N3018
gaff,N,N3019
gaffe,N,N3020
gainsay,N,N3021
gainsayer,N,N3022
gall,N,N3023
galling,N,N3024
gallingly,N,N3025
galls,N,N3026
gang_raped,N,N3027
gangster,N,N3028
gangsters,N,N3029
gape,N,N3030
gapes,N,N3031
gaping,N,N3032
gaped,N,N3033
garbage,N,N3034
garish,N,N3035
garishly,N,N3036
gasp,N,N3037
gasps,N,N3038
gasping,N,N3039
gasped,N,N3040
gauche,N,N3041
gauchely,N,N3042
gaudy,N,N3043
gaudier,N,N3044
gaudiest,N,N3045
gaudily,N,N3046
gawk,N,N3047
gawked,N,N3048
gawks,N,N3049
gawking,N,N3050
gawky,N,N3051
gawkier,N,N3052
gawkiest,N,N3053
gawkily,N,N3054
geezer,N,N3055
geezers,N,N3056
genocide,N,N3057
gerontocracy,N,N3058
get-rich,N,N3059
getting_back,N,N3060
ghastly,N,N3061
ghastlier,N,N3062
ghastliest,N,N3063
ghetto,N,N3064
ghettoes,N,N3065
ghosting,N,N3066
gibber,N,N3067
gibbers,N,N3068
gibbering,N,N3069
gibbered,N,N3070
gibberish,N,N3071
gibe,N,N3072
gibes,N,N3073
gibing,N,N3074
gibed,N,N3075
giddy,N,N3076
giddier,N,N3077
giddiest,N,N3078
giddily,N,N3079
gimmick,N,N3080
gimmicked,N,N3081
gimmicking,N,N3082
gimmicks,N,N3083
gimmicky,N,N3084
glare,N,N3085
glaringly,N,N3086
glares,N,N3087
glaring,N,N3088
glared,N,N3089
glib,N,N3090
glibly,N,N3091
glitch,N,N3092
glitches,N,N3093
gloatingly,N,N3094
gloating,N,N3095
gloom,N,N3096
gloomy,N,N3097
glower,N,N3098
glowers,N,N3099
glowering,N,N3100
glowered,N,N3101
glum,N,N3102
glumly,N,N3103
glut,N,N3104
gluts,N,N3105
glutting,N,N3106
glutted,N,N3107
gnawing,N,N3108
goad,N,N3109
goading,N,N3110
goads,N,N3111
goaded,N,N3112
god-awful,N,N3113
going_by_the_boards,N,N3114
going_in_circles,N,N3115
goof,N,N3116
goofy,N,N3117
goon,N,N3118
goons,N,N3119
gossip,N,N3120
graceless,N,N3121
gracelessly,N,N3122
graft,N,N3123
grainy,N,N3124
grainier,N,N3125
grainiest,N,N3126
grapple,N,N3127
grappling,N,N3128
grapples,N,N3129
grappled,N,N3130
grate,N,N3131
grating,N,N3132
grates,N,N3133
grated,N,N3134
grave,N,N3135
gravely,N,N3136
greasy,N,N3137
greasier,N,N3138
greasiest,N,N3139
greasily,N,N3140
greed,N,N3141
greedy,N,N3142
greedier,N,N3143
greediest,N,N3144
greedily,N,N3145
grief,N,N3146
grievance,N,N3147
grievances,N,N3148
grieve,N,N3149
grieving,N,N3150
grieves,N,N3151
grieved,N,N3152
grievous,N,N3153
grievously,N,N3154
grim,N,N3155
grimly,N,N3156
grimace,N,N3157
grimaces,N,N3158
grimacing,N,N3159
grimaced,N,N3160
grind,N,N3161
gripe,N,N3162
gripes,N,N3163
griping,N,N3164
griped,N,N3165
grisly,N,N3166
grislier,N,N3167
grisliest,N,N3168
gritty,N,N3169
grittier,N,N3170
grittiest,N,N3171
grittily,N,N3172
gross,N,N3173
grossly,N,N3174
grosser,N,N3175
grossest,N,N3176
grotesque,N,N3177
grotesquely,N,N3178
grouch,N,N3179
grouches,N,N3180
grouchy,N,N3181
grouchier,N,N3182
grouchiest,N,N3183
grouchily,N,N3184
groundless,N,N3185
group_think,N,N3186
grouse,N,N3187
grouses,N,N3188
grousing,N,N3189
groused,N,N3190
growl,N,N3191
growls,N,N3192
growling,N,N3193
growled,N,N3194
grudge,N,N3195
grudges,N,N3196
grudging,N,N3197
grudgingly,N,N3198
gruesome,N,N3199
gruesomely,N,N3200
gruff,N,N3201
gruffer,N,N3202
gruffest,N,N3203
gruffly,N,N3204
grumble,N,N3205
grumbles,N,N3206
grumbling,N,N3207
grumbled,N,N3208
grumpier,N,N3209
grumpiest,N,N3210
grumpily,N,N3211
grumpish,N,N3212
grumpy,N,N3213
guile,N,N3214
guilt,N,N3215
guiltily,N,N3216
guilty,N,N3217
gulag,N,N3218
gulags,N,N3219
gullible,N,N3220
gullibly,N,N3221
gutless,N,N3222
gutter,N,N3223
gutters,N,N3224
gypsies,N,N3225
gypsy,N,N3226
hack,N,N3227
hacks,N,N3228
haggard,N,N3229
haggardly,N,N3230
haggle,N,N3231
haggles,N,N3232
haggling,N,N3233
haggled,N,N3234
hair_loss,N,N3235
halfhearted,N,N3236
halfheartedly,N,N3237
hallucinate,N,N3238
hallucination,N,N3239
hallucinates,N,N3240
hallucinating,N,N3241
hallucinated,N,N3242
hallucinations,N,N3243
hammered,N,N3244
hamper,N,N3245
hampered,N,N3246
hampers,N,N3247
hampering,N,N3248
handicapped,N,N3249
handmaiden,N,N3250
handmaidens,N,N3251
hang,N,N3252
hangs,N,N3253
hanging,N,N3254
hanged,N,N3255
haphazard,N,N3256
haphazardly,N,N3257
hapless,N,N3258
haplessly,N,N3259
harangue,N,N3260
harass,N,N3261
harassed,N,N3262
harasses,N,N3263
harassment,N,N3264
harassing,N,N3265
harboring,N,N3266
harbors,N,N3267
harbor,N,N3268
harbored,N,N3269
hard,N,N3270
hard-hit,N,N3271
hard-line,N,N3272
hard-liner,N,N3273
harden,N,N3274
hardened,N,N3275
hardens,N,N3276
hardening,N,N3277
hardheaded,N,N3278
hardhearted,N,N3279
hard-liners,N,N3280
hardship,N,N3281
hardships,N,N3282
harebrained,N,N3283
harm,N,N3284
harmed,N,N3285
harmful,N,N3286
harms,N,N3287
harming,N,N3288
harmfully,N,N3289
harpy,N,N3290
harpies,N,N3291
harridan,N,N3292
harridans,N,N3293
harried,N,N3294
harrow,N,N3295
harrows,N,N3296
harrowing,N,N3297
harrowed,N,N3298
harsh,N,N3299
harshly,N,N3300
has_no_problem_calling,N,N3301
has_not_stood_up,N,N3302
hassling,N,N3303
hassle,N,N3304
hassled,N,N3305
hassles,N,N3306
haste,N,N3307
hastily,N,N3308
hasty,N,N3309
hate,N,N3310
hate_speech,N,N3311
hated,N,N3312
hateful,N,N3313
hatefully,N,N3314
hatefulness,N,N3315
hater,N,N3316
haters,N,N3317
hates,N,N3318
hating,N,N3319
hatred,N,N3320
haughtily,N,N3321
haughty,N,N3322
haunt,N,N3323
haunting,N,N3324
haunts,N,N3325
haunted,N,N3326
have_no_skills,N,N3327
haven't_traveled_enough,N,N3328
having_a_fit,N,N3329
havoc,N,N3330
hawkish,N,N3331
hawkishly,N,N3332
haywire,N,N3333
hazard,N,N3334
hazardous,N,N3335
haze,N,N3336
hazy,N,N3337
hazier,N,N3338
haziest,N,N3339
hazily,N,N3340
headache,N,N3341
headaches,N,N3342
heartbreaker,N,N3343
heartbreaking,N,N3344
heartbreakingly,N,N3345
heartbreakers,N,N3346
heartless,N,N3347
heartlessly,N,N3348
heathen,N,N3349
heathens,N,N3350
heavy-handed,N,N3351
heavy-handedly,N,N3352
heavy-hearted,N,N3353
heavy-heartedly,N,N3354
heck,N,N3355
heckle,N,N3356
heckled,N,N3357
heckles,N,N3358
heckling,N,N3359
hectic,N,N3360
hectically,N,N3361
hedge,N,N3362
hedge_fund,N,N3363
hedonistic,N,N3364
hedonistically,N,N3365
heedless,N,N3366
heedlessly,N,N3367
hefty,N,N3368
heftier,N,N3369
heftiest,N,N3370
heftily,N,N3371
hegemonism,N,N3372
hegemonistic,N,N3373
hegemony,N,N3374
heinous,N,N3375
heinously,N,N3376
hell,N,N3377
hellbent,N,N3378
hellion,N,N3379
hellions,N,N3380
hells,N,N3381
helpless,N,N3382
helplessly,N,N3383
helplessness,N,N3384
heresy,N,N3385
heretic,N,N3386
heretical,N,N3387
hesitant,N,N3388
hesitantly,N,N3389
hideous,N,N3390
hideously,N,N3391
hideousness,N,N3392
high-priced,N,N3393
hijack,N,N3394
hijacking,N,N3395
hijacks,N,N3396
hijacked,N,N3397
hinder,N,N3398
hindrance,N,N3399
hinders,N,N3400
hindering,N,N3401
hindered,N,N3402
hiss,N,N3403
hissed,N,N3404
hissing,N,N3405
hisses,N,N3406
hissy_fit,N,N3407
ho-hum,N,N3408
hoard,N,N3409
hoards,N,N3410
hoax,N,N3411
hoaxes,N,N3412
hobble,N,N3413
hobbles,N,N3414
hobbling,N,N3415
hobbled,N,N3416
hogs,N,N3417
hogwash,N,N3418
hoodwink,N,N3419
hoodwinks,N,N3420
hoodwinking,N,N3421
hoodwinked,N,N3422
hooligan,N,N3423
hooligans,N,N3424
hopeless,N,N3425
hopelessly,N,N3426
hopelessness,N,N3427
horde,N,N3428
hordes,N,N3429
horrendous,N,N3430
horrendously,N,N3431
horrible,N,N3432
horribly,N,N3433
horrid,N,N3434
horrific,N,N3435
horrificly,N,N3436
horrified,N,N3437
horrifies,N,N3438
horrify,N,N3439
horrifying,N,N3440
hostage,N,N3441
hostages,N,N3442
hostile,N,N3443
hostilities,N,N3444
hostility,N,N3445
hotbeds,N,N3446
hotbed,N,N3447
hothead,N,N3448
hotheaded,N,N3449
hothouse,N,N3450
hubris,N,N3451
huckster,N,N3452
hucksters,N,N3453
humiliate,N,N3454
humiliating,N,N3455
humiliation,N,N3456
humiliates,N,N3457
humiliated,N,N3458
humpty_dumpty,N,N3459
hurt,N,N3460
hurtful,N,N3461
hurting,N,N3462
hurts,N,N3463
hustler,N,N3464
hustlers,N,N3465
hypocrisy,N,N3466
hypocrite,N,N3467
hypocrites,N,N3468
hypocritical,N,N3469
hypocritically,N,N3470
hysteria,N,N3471
hysteric,N,N3472
hysterical,N,N3473
hysterically,N,N3474
hysterics,N,N3475
idiocies,N,N3476
idiocy,N,N3477
idiot,N,N3478
idiotic,N,N3479
idiotically,N,N3480
idiots,N,N3481
ignoble,N,N3482
ignobly,N,N3483
ignominious,N,N3484
ignominiously,N,N3485
ignominy,N,N3486
ignorance,N,N3487
ignorant,N,N3488
ignorantly,N,N3489
ignore,N,N3490
ignores,N,N3491
ignoring,N,N3492
ignored,N,N3493
ill-advised,N,N3494
ill-conceived,N,N3495
ill-defined,N,N3496
ill-designed,N,N3497
ill-fated,N,N3498
ill-favored,N,N3499
ill-formed,N,N3500
ill-mannered,N,N3501
ill-natured,N,N3502
ill-sorted,N,N3503
ill-tempered,N,N3504
ill-treated,N,N3505
ill-treatment,N,N3506
ill-usage,N,N3507
ill-used,N,N3508
illegal,N,N3509
illegally,N,N3510
illegitimate,N,N3511
illicit,N,N3512
illiterate,N,N3513
illness,N,N3514
illnesses,N,N3515
illogic,N,N3516
illogical,N,N3517
illogically,N,N3518
illogicalness,N,N3519
illusion,N,N3520
illusions,N,N3521
illusory,N,N3522
imbalance,N,N3523
imbecile,N,N3524
imbeciles,N,N3525
imbroglio,N,N3526
immaterial,N,N3527
immaterially,N,N3528
immature,N,N3529
immaturely,N,N3530
immobilized,N,N3531
immoderate,N,N3532
immoderately,N,N3533
immodest,N,N3534
immodestly,N,N3535
immoral,N,N3536
immorality,N,N3537
immorally,N,N3538
immovable,N,N3539
immovably,N,N3540
impair,N,N3541
impaired,N,N3542
impairs,N,N3543
impairing,N,N3544
impasse,N,N3545
impatience,N,N3546
impatient,N,N3547
impatiently,N,N3548
impedance,N,N3549
impede,N,N3550
impedes,N,N3551
impeding,N,N3552
impeded,N,N3553
impediment,N,N3554
impediments,N,N3555
impenitent,N,N3556
impenitently,N,N3557
imperfect,N,N3558
imperfection,N,N3559
imperfections,N,N3560
imperfectly,N,N3561
imperialist,N,N3562
imperialists,N,N3563
imperil,N,N3564
imperils,N,N3565
imperiling,N,N3566
imperiled,N,N3567
imperious,N,N3568
imperiously,N,N3569
impermissible,N,N3570
impermissably,N,N3571
impersonal,N,N3572
impersonally,N,N3573
impertinent,N,N3574
impertinently,N,N3575
impetuous,N,N3576
impetuously,N,N3577
impiety,N,N3578
impinge,N,N3579
impinges,N,N3580
impinging,N,N3581
impinged,N,N3582
impious,N,N3583
impiously,N,N3584
implacable,N,N3585
implacably,N,N3586
implausible,N,N3587
implausibly,N,N3588
implicate,N,N3589
implicates,N,N3590
implicated,N,N3591
implicating,N,N3592
implication,N,N3593
implications,N,N3594
implode,N,N3595
implodes,N,N3596
imploding,N,N3597
imploded,N,N3598
impolite,N,N3599
impolitely,N,N3600
impolitic,N,N3601
impoliticly,N,N3602
importunate,N,N3603
importunately,N,N3604
importune,N,N3605
importunes,N,N3606
importuning,N,N3607
importuned,N,N3608
impose,N,N3609
imposes,N,N3610
imposed,N,N3611
imposer,N,N3612
imposers,N,N3613
imposing,N,N3614
imposition,N,N3615
impositions,N,N3616
impossible,N,N3617
impossiblity,N,N3618
impossibilities,N,N3619
impossibly,N,N3620
impotent,N,N3621
impotently,N,N3622
impoverish,N,N3623
impoverishes,N,N3624
impoverishing,N,N3625
impoverished,N,N3626
impractical,N,N3627
imprecate,N,N3628
imprecates,N,N3629
imprecating,N,N3630
imprecated,N,N3631
imprecise,N,N3632
imprecisely,N,N3633
imprecision,N,N3634
imprison,N,N3635
imprisonment,N,N3636
imprisons,N,N3637
imprisoning,N,N3638
imprisoned,N,N3639
improbability,N,N3640
improbabilities,N,N3641
improbable,N,N3642
improbably,N,N3643
improper,N,N3644
improperly,N,N3645
impropriety,N,N3646
imprudence,N,N3647
imprudent,N,N3648
imprudently,N,N3649
impudence,N,N3650
impudent,N,N3651
impudently,N,N3652
impugn,N,N3653
impugns,N,N3654
impugning,N,N3655
impugned,N,N3656
impulsive,N,N3657
impulsively,N,N3658
impunity,N,N3659
impure,N,N3660
impurely,N,N3661
impurity,N,N3662
impurities,N,N3663
inability,N,N3664
inabilities,N,N3665
inaccuracies,N,N3666
inaccuracy,N,N3667
inaccurate,N,N3668
inaccurately,N,N3669
inaction,N,N3670
inactive,N,N3671
inactively,N,N3672
inadequacy,N,N3673
inadequacies,N,N3674
inadequate,N,N3675
inadequately,N,N3676
inadverent,N,N3677
inadverently,N,N3678
inadvisable,N,N3679
inadvisably,N,N3680
inane,N,N3681
inanely,N,N3682
inappropriate,N,N3683
inappropriately,N,N3684
inapt,N,N3685
inaptly,N,N3686
inaptitude,N,N3687
inarticulate,N,N3688
inarticulately,N,N3689
inattentive,N,N3690
inattentively,N,N3691
incapable,N,N3692
incapably,N,N3693
incautious,N,N3694
incautiously,N,N3695
incendiary,N,N3696
incense,N,N3697
incenses,N,N3698
incensing,N,N3699
incensed,N,N3700
incessant,N,N3701
incessantly,N,N3702
incite,N,N3703
incites,N,N3704
incitement,N,N3705
inciting,N,N3706
incited,N,N3707
incivility,N,N3708
inclement,N,N3709
inclemently,N,N3710
incognizant,N,N3711
incoherence,N,N3712
incoherent,N,N3713
incoherently,N,N3714
incommensurate,N,N3715
incommensurately,N,N3716
incompatibility,N,N3717
incompatible,N,N3718
incompatibly,N,N3719
incompetence,N,N3720
incompetent,N,N3721
incompetently,N,N3722
incomplete,N,N3723
incompletely,N,N3724
incompliant,N,N3725
incompliantly,N,N3726
incomprehensible,N,N3727
incomprehensibly,N,N3728
incomprehension,N,N3729
inconceivable,N,N3730
inconceivably,N,N3731
incongruous,N,N3732
incongruously,N,N3733
inconsequent,N,N3734
inconsequential,N,N3735
inconsequentially,N,N3736
inconsequently,N,N3737
inconsiderate,N,N3738
inconsiderately,N,N3739
inconsistence,N,N3740
inconsistencies,N,N3741
inconsistency,N,N3742
inconsistent,N,N3743
inconsistently,N,N3744
inconsolable,N,N3745
inconsolably,N,N3746
inconstant,N,N3747
inconstantly,N,N3748
inconvenience,N,N3749
inconvenient,N,N3750
inconveniently,N,N3751
incorrect,N,N3752
incorrectly,N,N3753
incorrigible,N,N3754
incorrigibly,N,N3755
incredulous,N,N3756
incredulously,N,N3757
inculcate,N,N3758
inculcates,N,N3759
inculcating,N,N3760
inculcated,N,N3761
indecency,N,N3762
indecent,N,N3763
indecently,N,N3764
indecision,N,N3765
indecisive,N,N3766
indecisively,N,N3767
indecorum,N,N3768
indefensible,N,N3769
indefensibly,N,N3770
indelicate,N,N3771
indelicately,N,N3772
indeterminable,N,N3773
indeterminably,N,N3774
indeterminate,N,N3775
indeterminately,N,N3776
indifference,N,N3777
indifferent,N,N3778
indifferently,N,N3779
indigent,N,N3780
indigently,N,N3781
indignant,N,N3782
indignantly,N,N3783
indignation,N,N3784
indignity,N,N3785
indignities,N,N3786
indiscernible,N,N3787
indiscernibly,N,N3788
indiscreet,N,N3789
indiscreetly,N,N3790
indiscretion,N,N3791
indiscriminate,N,N3792
indiscriminately,N,N3793
indiscriminating,N,N3794
indiscriminatingly,N,N3795
indistinguishable,N,N3796
indistinguishably,N,N3797
indoctrinate,N,N3798
indoctrinates,N,N3799
indoctrinating,N,N3800
indoctrinated,N,N3801
indoctrination,N,N3802
indolent,N,N3803
indolently,N,N3804
indulge,N,N3805
indulges,N,N3806
indulging,N,N3807
indulged,N,N3808
ineffective,N,N3809
ineffectively,N,N3810
ineffectiveness,N,N3811
ineffectual,N,N3812
ineffectually,N,N3813
ineffectualness,N,N3814
inefficacious,N,N3815
inefficaciously,N,N3816
inefficacy,N,N3817
inefficiency,N,N3818
inefficient,N,N3819
inefficiently,N,N3820
inelegance,N,N3821
inelegant,N,N3822
inelegantly,N,N3823
ineloquent,N,N3824
ineloquently,N,N3825
inept,N,N3826
ineptitude,N,N3827
ineptly,N,N3828
inequalities,N,N3829
inequality,N,N3830
inequitable,N,N3831
inequitably,N,N3832
inequity,N,N3833
inequities,N,N3834
inescapable,N,N3835
inescapably,N,N3836
inessential,N,N3837
inessentially,N,N3838
inevitable,N,N3839
inevitably,N,N3840
inexcusable,N,N3841
inexcusably,N,N3842
inexorable,N,N3843
inexorably,N,N3844
inexperience,N,N3845
inexperienced,N,N3846
inexpert,N,N3847
inexpertly,N,N3848
inexpiable,N,N3849
inexpiably,N,N3850
inexplainable,N,N3851
inexplainably,N,N3852
inextricable,N,N3853
inextricably,N,N3854
infamous,N,N3855
infamously,N,N3856
infamy,N,N3857
infant,N,N3858
infants,N,N3859
infatuation,N,N3860
infected,N,N3861
infect,N,N3862
infects,N,N3863
infecting,N,N3864
infection,N,N3865
infections,N,N3866
inferior,N,N3867
inferiority,N,N3868
infernal,N,N3869
infernally,N,N3870
infest,N,N3871
infests,N,N3872
infesting,N,N3873
infested,N,N3874
infidel,N,N3875
infidels,N,N3876
infiltrator,N,N3877
infiltrators,N,N3878
infirm,N,N3879
infirmly,N,N3880
inflame,N,N3881
inflames,N,N3882
inflaming,N,N3883
inflammation,N,N3884
inflammations,N,N3885
inflammatory,N,N3886
inflammatorily,N,N3887
inflamed,N,N3888
inflated,N,N3889
inflationary,N,N3890
inflexible,N,N3891
inflexibly,N,N3892
inflict,N,N3893
inflicts,N,N3894
inflicting,N,N3895
inflicted,N,N3896
influx,N,N3897
influxes,N,N3898
infraction,N,N3899
infractions,N,N3900
infringe,N,N3901
infringes,N,N3902
infringing,N,N3903
infringed,N,N3904
infringement,N,N3905
infringements,N,N3906
infuriate,N,N3907
infuriates,N,N3908
infuriated,N,N3909
infuriating,N,N3910
infuriatingly,N,N3911
inglorious,N,N3912
ingloriously,N,N3913
ingrate,N,N3914
ingrately,N,N3915
ingratitude,N,N3916
inhibit,N,N3917
inhibits,N,N3918
inhibiting,N,N3919
inhibited,N,N3920
inhibition,N,N3921
inhibitions,N,N3922
inhospitable,N,N3923
inhospitably,N,N3924
inhospitality,N,N3925
inhuman,N,N3926
inhumane,N,N3927
inhumanely,N,N3928
inhumanity,N,N3929
inimical,N,N3930
inimically,N,N3931
iniquitous,N,N3932
iniquitously,N,N3933
iniquity,N,N3934
iniquities,N,N3935
injudicious,N,N3936
injudiciously,N,N3937
injure,N,N3938
injures,N,N3939
injuring,N,N3940
injured,N,N3941
injurious,N,N3942
injuriously,N,N3943
injury,N,N3944
injuries,N,N3945
injustice,N,N3946
injustices,N,N3947
innuendo,N,N3948
innuendos,N,N3949
inoperable,N,N3950
inoperably,N,N3951
inopportune,N,N3952
inopportunely,N,N3953
inordinate,N,N3954
inordinately,N,N3955
insane,N,N3956
insanely,N,N3957
insanity,N,N3958
insatiable,N,N3959
insatiably,N,N3960
insecure,N,N3961
insecurely,N,N3962
insecurity,N,N3963
insecurities,N,N3964
insensible,N,N3965
insensibly,N,N3966
insensitive,N,N3967
insensitively,N,N3968
insensitivity,N,N3969
insidious,N,N3970
insidiously,N,N3971
insignificance,N,N3972
insignificant,N,N3973
insignificantly,N,N3974
insincere,N,N3975
insincerely,N,N3976
insincerity,N,N3977
insinuate,N,N3978
insinuates,N,N3979
insinuating,N,N3980
insinuated,N,N3981
insinuation,N,N3982
insociable,N,N3983
insociably,N,N3984
insolence,N,N3985
insolent,N,N3986
insolently,N,N3987
insolvent,N,N3988
insouciance,N,N3989
instability,N,N3990
instigate,N,N3991
instigates,N,N3992
instigating,N,N3993
instigated,N,N3994
instigator,N,N3995
instigators,N,N3996
insubordinate,N,N3997
insubordinately,N,N3998
insubstantial,N,N3999
insubstantially,N,N4000
insufferable,N,N4001
insufferably,N,N4002
insufficiency,N,N4003
insufficiencies,N,N4004
insufficient,N,N4005
insufficiently,N,N4006
insular,N,N4007
insularly,N,N4008
insult,N,N4009
insulted,N,N4010
insulting,N,N4011
insultingly,N,N4012
insults,N,N4013
insupportable,N,N4014
insupportably,N,N4015
insurmountable,N,N4016
insurmountably,N,N4017
insurrection,N,N4018
insurrections,N,N4019
interfere,N,N4020
interference,N,N4021
interferences,N,N4022
interferes,N,N4023
interfering,N,N4024
interfered,N,N4025
interrupt,N,N4026
interrupts,N,N4027
interrupting,N,N4028
interrupted,N,N4029
interruption,N,N4030
interruptions,N,N4031
intimidate,N,N4032
intimidates,N,N4033
intimidating,N,N4034
intimidated,N,N4035
intimidatingly,N,N4036
intimidation,N,N4037
intolerable,N,N4038
intolerably,N,N4039
intolerance,N,N4040
intolerant,N,N4041
intolerantly,N,N4042
intoxicate,N,N4043
intoxicates,N,N4044
intoxicating,N,N4045
intoxicated,N,N4046
intractable,N,N4047
intractably,N,N4048
intransigence,N,N4049
intransigent,N,N4050
intransigently,N,N4051
intrude,N,N4052
intrudes,N,N4053
intruding,N,N4054
intruded,N,N4055
intrusion,N,N4056
intrusions,N,N4057
intrusive,N,N4058
intrusively,N,N4059
inundate,N,N4060
inundates,N,N4061
inundating,N,N4062
inundated,N,N4063
invader,N,N4064
invaders,N,N4065
invalid,N,N4066
invalidly,N,N4067
invalidate,N,N4068
invalidates,N,N4069
invalidating,N,N4070
invalidated,N,N4071
invalidity,N,N4072
invalidities,N,N4073
invasive,N,N4074
invasively,N,N4075
invective,N,N4076
invectives,N,N4077
invectively,N,N4078
inveigle,N,N4079
inveigles,N,N4080
inveigled,N,N4081
inveigling,N,N4082
invidious,N,N4083
invidiously,N,N4084
invidiousness,N,N4085
involuntarily,N,N4086
involuntary,N,N4087
irascible,N,N4088
irascibly,N,N4089
irate,N,N4090
irately,N,N4091
ire,N,N4092
irk,N,N4093
irked,N,N4094
irking,N,N4095
irks,N,N4096
irksome,N,N4097
irksomely,N,N4098
irksomeness,N,N4099
ironic,N,N4100
ironical,N,N4101
ironically,N,N4102
ironies,N,N4103
irony,N,N4104
irrational,N,N4105
irrationalities,N,N4106
irrationality,N,N4107
irrationally,N,N4108
irreconcilable,N,N4109
irreconcilably,N,N4110
irrecoverable,N,N4111
irrecoverableness,N,N4112
irrecoverably,N,N4113
irredeemable,N,N4114
irredeemably,N,N4115
irreformable,N,N4116
irreformably,N,N4117
irrelevance,N,N4118
irrelevant,N,N4119
irrelevantly,N,N4120
irreparable,N,N4121
irreparably,N,N4122
irreplacible,N,N4123
irreplacibly,N,N4124
irrepressible,N,N4125
irrepressibly,N,N4126
irresolute,N,N4127
irresolutely,N,N4128
irresolvable,N,N4129
irresolvably,N,N4130
irresponsible,N,N4131
irresponsibly,N,N4132
irretrievable,N,N4133
irretrievably,N,N4134
irreversible,N,N4135
irreversibly,N,N4136
irritable,N,N4137
irritably,N,N4138
irritant,N,N4139
irritants,N,N4140
irritate,N,N4141
irritated,N,N4142
irritates,N,N4143
irritating,N,N4144
irritation,N,N4145
irritations,N,N4146
isolate,N,N4147
isolates,N,N4148
isolating,N,N4149
isolated,N,N4150
isolation,N,N4151
issue,N,N4152
issues,N,N4153
itch,N,N4154
itches,N,N4155
itching,N,N4156
itched,N,N4157
itchy,N,N4158
itchier,N,N4159
itchiest,N,N4160
jabber,N,N4161
jabbers,N,N4162
jabbering,N,N4163
jabbered,N,N4164
jackass,N,N4165
jackasses,N,N4166
jaded,N,N4167
jadedly,N,N4168
jagged,N,N4169
jaggedly,N,N4170
jam,N,N4171
jams,N,N4172
jamming,N,N4173
jammed,N,N4174
jarring,N,N4175
jaundiced,N,N4176
jealous,N,N4177
jealously,N,N4178
jealousness,N,N4179
jealousy,N,N4180
jeer,N,N4181
jeering,N,N4182
jeeringly,N,N4183
jeers,N,N4184
jeered,N,N4185
jellyfish,N,N4186
jeopardize,N,N4187
jeopardizes,N,N4188
jeopardizing,N,N4189
jeopardized,N,N4190
jeopardy,N,N4191
jerk,N,N4192
jerks,N,N4193
jerky,N,N4194
jerkier,N,N4195
jerkiest,N,N4196
jerkily,N,N4197
jitter,N,N4198
jitters,N,N4199
jittery,N,N4200
jitterier,N,N4201
jitteriest,N,N4202
job-killing,N,N4203
jobless,N,N4204
joke,N,N4205
jokes,N,N4206
joker,N,N4207
jokers,N,N4208
jolt,N,N4209
jolts,N,N4210
jolting,N,N4211
jolted,N,N4212
judder,N,N4213
juddering,N,N4214
judders,N,N4215
juddered,N,N4216
jumpy,N,N4217
jumpier,N,N4218
jumpiest,N,N4219
junk,N,N4220
junky,N,N4221
junkier,N,N4222
junkiest,N,N4223
junkyard,N,N4224
junkyards,N,N4225
kamikaze,N,N4226
kaput,N,N4227
keep_people_from_voting,N,N4228
kill,N,N4229
killed,N,N4230
killer,N,N4231
killers,N,N4232
killing,N,N4233
kill-joy,N,N4234
kill-joys,N,N4235
kills,N,N4236
knave,N,N4237
knaves,N,N4238
knife,N,N4239
knives,N,N4240
knock,N,N4241
knocks,N,N4242
knocking,N,N4243
knocked,N,N4244
knotted,N,N4245
know_what_to_say,N,N4246
know-nothing,N,N4247
kook,N,N4248
kooks,N,N4249
kooky,N,N4250
kookier,N,N4251
kookiest,N,N4252
lack,N,N4253
lackadaisical,N,N4254
lackadaisically,N,N4255
lacked,N,N4256
lackey,N,N4257
lackeys,N,N4258
lacking,N,N4259
lackluster,N,N4260
lacks,N,N4261
laconic,N,N4262
laconically,N,N4263
lag,N,N4264
lagged,N,N4265
lagging,N,N4266
laggy,N,N4267
laggier,N,N4268
laggiest,N,N4269
lags,N,N4270
laid_off,N,N4271
lambaste,N,N4272
lambastes,N,N4273
lambasting,N,N4274
lambasted,N,N4275
lame,N,N4276
lamer,N,N4277
lamest,N,N4278
lamely,N,N4279
lame_duck,N,N4280
lament,N,N4281
laments,N,N4282
lamenting,N,N4283
lamented,N,N4284
lamentable,N,N4285
lamentably,N,N4286
languid,N,N4287
languidly,N,N4288
languish,N,N4289
languishes,N,N4290
languishing,N,N4291
languished,N,N4292
languor,N,N4293
languorous,N,N4294
languorously,N,N4295
lanky,N,N4296
lankier,N,N4297
lankiest,N,N4298
lankily,N,N4299
lap_dog,N,N4300
lapse,N,N4301
lapsed,N,N4302
lapses,N,N4303
lapsing,N,N4304
lascivious,N,N4305
lasciviously,N,N4306
last_to_defend,N,N4307
last-ditch,N,N4308
latency,N,N4309
laughable,N,N4310
laughably,N,N4311
laughingstock,N,N4312
lawbreaker,N,N4313
lawbreakers,N,N4314
lawbreaking,N,N4315
lawless,N,N4316
lawlessly,N,N4317
lawlessness,N,N4318
layoff,N,N4319
layoffs,N,N4320
layoff-happy,N,N4321
lazy,N,N4322
lazier,N,N4323
laziest,N,N4324
lazily,N,N4325
leak,N,N4326
leakage,N,N4327
leakages,N,N4328
leaking,N,N4329
leaks,N,N4330
leaked,N,N4331
leaky,N,N4332
leakier,N,N4333
leakily,N,N4334
lecher,N,N4335
lechers,N,N4336
lecherous,N,N4337
lecherously,N,N4338
lechery,N,N4339
leech,N,N4340
leeches,N,N4341
leer,N,N4342
leers,N,N4343
leering,N,N4344
leered,N,N4345
leery,N,N4346
leerier,N,N4347
leeriest,N,N4348
leerily,N,N4349
legacy,N,N4350
lemming,N,N4351
lemmings,N,N4352
leprosy,N,N4353
less-developed,N,N4354
lesser-known,N,N4355
letch,N,N4356
lethal,N,N4357
lethally,N,N4358
lethargic,N,N4359
lethargically,N,N4360
lethargy,N,N4361
lewd,N,N4362
lewdly,N,N4363
lewdness,N,N4364
liability,N,N4365
liabilities,N,N4366
liable,N,N4367
liar,N,N4368
liars,N,N4369
licentious,N,N4370
licentiously,N,N4371
licentiousness,N,N4372
lie,N,N4373
lied,N,N4374
lies,N,N4375
life-threatening,N,N4376
life-threateningly,N,N4377
lifeless,N,N4378
lifelessly,N,N4379
limit,N,N4380
limitation,N,N4381
limitations,N,N4382
limited,N,N4383
limits,N,N4384
limiting,N,N4385
limp,N,N4386
limply,N,N4387
link,N,N4388
links,N,N4389
linking,N,N4390
linked,N,N4391
listless,N,N4392
listlessly,N,N4393
litigious,N,N4394
litigiously,N,N4395
livid,N,N4396
lividly,N,N4397
loath,N,N4398
loathe,N,N4399
loathes,N,N4400
loathing,N,N4401
loathed,N,N4402
loathly,N,N4403
loathsome,N,N4404
loathsomely,N,N4405
lone,N,N4406
loneliness,N,N4407
lonely,N,N4408
loner,N,N4409
loners,N,N4410
lonesome,N,N4411
lonesomely,N,N4412
loophole,N,N4413
loopholes,N,N4414
loose,N,N4415
loosely,N,N4416
loot,N,N4417
loots,N,N4418
looting,N,N4419
looted,N,N4420
lorn,N,N4421
lose,N,N4422
loser,N,N4423
losers,N,N4424
loses,N,N4425
losing,N,N4426
losing_it,N,N4427
loss,N,N4428
losses,N,N4429
lost,N,N4430
lost_it,N,N4431
lost_its_mind,N,N4432
loud,N,N4433
louder,N,N4434
loudest,N,N4435
loudly,N,N4436
lousy,N,N4437
lousier,N,N4438
lousiest,N,N4439
lousily,N,N4440
loveless,N,N4441
lovelessly,N,N4442
lovelorn,N,N4443
low-rated,N,N4444
lowlife,N,N4445
lowlifes,N,N4446
lowly,N,N4447
lowlier,N,N4448
lowliest,N,N4449
lowlily,N,N4450
ludicrous,N,N4451
ludicrously,N,N4452
lugubrious,N,N4453
lugubriously,N,N4454
lukewarm,N,N4455
lull,N,N4456
lulls,N,N4457
lumpy,N,N4458
lumpier,N,N4459
lumpiest,N,N4460
lumpily,N,N4461
lunatic,N,N4462
lunaticism,N,N4463
lunatics,N,N4464
lurch,N,N4465
lurches,N,N4466
lure,N,N4467
lures,N,N4468
luring,N,N4469
lured,N,N4470
lurid,N,N4471
luridly,N,N4472
lurk,N,N4473
lurks,N,N4474
lurking,N,N4475
lurked,N,N4476
lusty,N,N4477
lustier,N,N4478
lustiest,N,N4479
lustily,N,N4480
lying,N,N4481
lynch,N,N4482
lynches,N,N4483
lynching,N,N4484
lynched,N,N4485
macabre,N,N4486
mad,N,N4487
madden,N,N4488
maddens,N,N4489
maddening,N,N4490
maddeningly,N,N4491
maddened,N,N4492
madder,N,N4493
maddest,N,N4494
made_up_their_mind,N,N4495
madly,N,N4496
madman,N,N4497
madmen,N,N4498
madness,N,N4499
magician,N,N4500
magicians,N,N4501
make_believe,N,N4502
make_false_claims,N,N4503
make_these_links,N,N4504
maladjusted,N,N4505
maladjustment,N,N4506
maladjustments,N,N4507
malady,N,N4508
maladies,N,N4509
malaise,N,N4510
malcontent,N,N4511
malcontentedly,N,N4512
malcontented,N,N4513
maledict,N,N4514
malevolence,N,N4515
malevolent,N,N4516
malevolently,N,N4517
malice,N,N4518
malicious,N,N4519
maliciously,N,N4520
maliciousness,N,N4521
malign,N,N4522
maligns,N,N4523
maligning,N,N4524
maligned,N,N4525
malignant,N,N4526
malignantly,N,N4527
malodorous,N,N4528
malodorously,N,N4529
maltreatment,N,N4530
mangle,N,N4531
mangled,N,N4532
mangles,N,N4533
mangling,N,N4534
mania,N,N4535
maniac,N,N4536
maniacal,N,N4537
maniacally,N,N4538
maniacs,N,N4539
manic,N,N4540
manipulate,N,N4541
manipulates,N,N4542
manipulating,N,N4543
manipulated,N,N4544
manipulation,N,N4545
manipulative,N,N4546
manipulatively,N,N4547
manipulator,N,N4548
manipulators,N,N4549
manufactured,N,N4550
mar,N,N4551
mars,N,N4552
marring,N,N4553
marred,N,N4554
march,N,N4555
marches,N,N4556
marched,N,N4557
marching,N,N4558
marginal,N,N4559
marginally,N,N4560
marionette,N,N4561
marionettes,N,N4562
martyrdom,N,N4563
martyrdom-seeking,N,N4564
marxism,N,N4565
marxist,N,N4566
marxists,N,N4567
mashed,N,N4568
masquerade,N,N4569
masquerades,N,N4570
masquerading,N,N4571
masqueraded,N,N4572
massacre,N,N4573
massacres,N,N4574
matte,N,N4575
mawkish,N,N4576
mawkishly,N,N4577
mawkishness,N,N4578
meager,N,N4579
meagerly,N,N4580
meaningless,N,N4581
meaninglessly,N,N4582
meanness,N,N4583
measly,N,N4584
measlier,N,N4585
measliest,N,N4586
meddle,N,N4587
meddles,N,N4588
meddled,N,N4589
meddling,N,N4590
meddlesome,N,N4591
meddlesomely,N,N4592
mediocre,N,N4593
mediocrity,N,N4594
melancholy,N,N4595
melodramatic,N,N4596
melodramatically,N,N4597
meltdown,N,N4598
meltdowns,N,N4599
menace,N,N4600
menaces,N,N4601
menaced,N,N4602
menacing,N,N4603
menacingly,N,N4604
mendacious,N,N4605
mendaciously,N,N4606
mendacity,N,N4607
menial,N,N4608
menially,N,N4609
mentally_ill,N,N4610
merciless,N,N4611
mercilessly,N,N4612
mess,N,N4613
messed,N,N4614
messes,N,N4615
messing,N,N4616
messy,N,N4617
messier,N,N4618
messiest,N,N4619
messily,N,N4620
midget,N,N4621
midgets,N,N4622
miff,N,N4623
miffs,N,N4624
militancy,N,N4625
militant,N,N4626
militants,N,N4627
mindless,N,N4628
mindlessly,N,N4629
mirage,N,N4630
mirages,N,N4631
mire,N,N4632
mires,N,N4633
miring,N,N4634
mired,N,N4635
misalign,N,N4636
misaligned,N,N4637
misaligns,N,N4638
misaligning,N,N4639
misapprehend,N,N4640
misapprehends,N,N4641
misapprehending,N,N4642
misapprehended,N,N4643
misbecome,N,N4644
misbecoming,N,N4645
misbecame,N,N4646
misbegotten,N,N4647
misbehave,N,N4648
misbehaves,N,N4649
misbehaving,N,N4650
misbehaved,N,N4651
misbehavior,N,N4652
miscalculate,N,N4653
miscalculates,N,N4654
miscalculating,N,N4655
miscalculated,N,N4656
miscalculation,N,N4657
miscalculations,N,N4658
mischaracterized,N,N4659
mischief,N,N4660
mischievous,N,N4661
mischievously,N,N4662
misconception,N,N4663
misconceptions,N,N4664
miscreant,N,N4665
miscreants,N,N4666
misdirection,N,N4667
miser,N,N4668
misers,N,N4669
miserable,N,N4670
miserableness,N,N4671
miserably,N,N4672
miseries,N,N4673
miserly,N,N4674
misery,N,N4675
misfit,N,N4676
misfits,N,N4677
misfortune,N,N4678
misfortunes,N,N4679
misgiving,N,N4680
misgivings,N,N4681
misguidance,N,N4682
misguide,N,N4683
misguides,N,N4684
misguiding,N,N4685
misguided,N,N4686
mishandle,N,N4687
mishandles,N,N4688
mishandling,N,N4689
mishandled,N,N4690
mishap,N,N4691
mishaps,N,N4692
misinform,N,N4693
misinforms,N,N4694
misinforming,N,N4695
misinformation,N,N4696
misinformed,N,N4697
misinterpret,N,N4698
misinterprets,N,N4699
misinterpreting,N,N4700
misinterpreted,N,N4701
misjudge,N,N4702
misjudges,N,N4703
misjudging,N,N4704
misjudged,N,N4705
misjudgment,N,N4706
misjudgments,N,N4707
mislead,N,N4708
misleads,N,N4709
misleading,N,N4710
misleadingly,N,N4711
misled,N,N4712
mismanage,N,N4713
mismanages,N,N4714
mismanaging,N,N4715
mismanaged,N,N4716
mispronounce,N,N4717
mispronounced,N,N4718
mispronounces,N,N4719
mispronouncing,N,N4720
misread,N,N4721
misreads,N,N4722
misreading,N,N4723
misrepresent,N,N4724
misrepresents,N,N4725
misrepresenting,N,N4726
misrepresented,N,N4727
misrepresentation,N,N4728
misrepresentations,N,N4729
miss,N,N4730
missed,N,N4731
missing,N,N4732
misses,N,N4733
misstated,N,N4734
misstatement,N,N4735
misstatements,N,N4736
mist,N,N4737
mistake,N,N4738
mistaken,N,N4739
mistakenly,N,N4740
mistakes,N,N4741
mistified,N,N4742
mistress,N,N4743
mistresses,N,N4744
mistrust,N,N4745
mistrusts,N,N4746
mistrusting,N,N4747
mistrusted,N,N4748
mistrustful,N,N4749
mistrustfully,N,N4750
mists,N,N4751
misunderstand,N,N4752
misunderstands,N,N4753
misunderstanding,N,N4754
misunderstandings,N,N4755
misunderstood,N,N4756
misuse,N,N4757
misuses,N,N4758
moan,N,N4759
moans,N,N4760
mob,N,N4761
mobs,N,N4762
mobster,N,N4763
mobster,N,N4764
mock,N,N4765
mocked,N,N4766
mockeries,N,N4767
mockery,N,N4768
mocking,N,N4769
mockingly,N,N4770
mocks,N,N4771
molest,N,N4772
molests,N,N4773
molesting,N,N4774
molested,N,N4775
molestation,N,N4776
molestations,N,N4777
monkey_wrench,N,N4778
monotonous,N,N4779
monotonously,N,N4780
monotony,N,N4781
monster,N,N4782
monsters,N,N4783
monstrosities,N,N4784
monstrosity,N,N4785
monstrous,N,N4786
monstrously,N,N4787
moody,N,N4788
moodier,N,N4789
moodiest,N,N4790
moodily,N,N4791
moot,N,N4792
mope,N,N4793
mopes,N,N4794
moping,N,N4795
moped,N,N4796
morbid,N,N4797
morbidly,N,N4798
mordant,N,N4799
mordantly,N,N4800
moribund,N,N4801
moribundly,N,N4802
moron,N,N4803
moronic,N,N4804
moronically,N,N4805
morons,N,N4806
mortification,N,N4807
mortified,N,N4808
mortifies,N,N4809
mortify,N,N4810
mortifying,N,N4811
mourn,N,N4812
mourns,N,N4813
mourning,N,N4814
mourned,N,N4815
mourner,N,N4816
mourner,N,N4817
mournful,N,N4818
mournfully,N,N4819
mouthpiece,N,N4820
mouthpieces,N,N4821
muddle,N,N4822
muddles,N,N4823
muddling,N,N4824
muddled,N,N4825
muddy,N,N4826
muddier,N,N4827
muddiest,N,N4828
muddily,N,N4829
mudslinger,N,N4830
mudslingers,N,N4831
mudslinging,N,N4832
mulish,N,N4833
mulishly,N,N4834
multi-polarization,N,N4835
mundane,N,N4836
mundanely,N,N4837
murder,N,N4838
murdering,N,N4839
murdered,N,N4840
murderer,N,N4841
murderers,N,N4842
murderous,N,N4843
murderously,N,N4844
murders,N,N4845
murky,N,N4846
murkier,N,N4847
murkiest,N,N4848
murkily,N,N4849
muscle-flexing,N,N4850
mushy,N,N4851
mushier,N,N4852
mushiest,N,N4853
mushily,N,N4854
musty,N,N4855
mustier,N,N4856
mustiest,N,N4857
mustily,N,N4858
mysterious,N,N4859
mysteriously,N,N4860
mystery,N,N4861
mysteries,N,N4862
mystify,N,N4863
mystifies,N,N4864
mystifying,N,N4865
mystified,N,N4866
myth,N,N4867
myths,N,N4868
nag,N,N4869
nags,N,N4870
nagging,N,N4871
nagged,N,N4872
naive,N,N4873
naively,N,N4874
narrow,N,N4875
narrower,N,N4876
narrowest,N,N4877
narrowly,N,N4878
nastily,N,N4879
nastiness,N,N4880
nasty,N,N4881
nastier,N,N4882
nastiest,N,N4883
naughty,N,N4884
naughtier,N,N4885
naughtiest,N,N4886
naughtily,N,N4887
nauseate,N,N4888
nauseates,N,N4889
nauseating,N,N4890
nauseatingly,N,N4891
nauseated,N,N4892
nebulous,N,N4893
nebulously,N,N4894
needless,N,N4895
needlessly,N,N4896
needy,N,N4897
needier,N,N4898
neediest,N,N4899
needily,N,N4900
nefarious,N,N4901
nefariously,N,N4902
negate,N,N4903
negates,N,N4904
negating,N,N4905
negated,N,N4906
negation,N,N4907
negations,N,N4908
negative,N,N4909
negatively,N,N4910
negatives,N,N4911
negativity,N,N4912
neglect,N,N4913
neglected,N,N4914
neglecting,N,N4915
neglects,N,N4916
negligence,N,N4917
negligent,N,N4918
negligently,N,N4919
nemesis,N,N4920
nemeses,N,N4921
nepotism,N,N4922
nervous,N,N4923
nervously,N,N4924
nervousness,N,N4925
nettle,N,N4926
nettles,N,N4927
nettling,N,N4928
nettled,N,N4929
nettlesome,N,N4930
neurotic,N,N4931
neurotically,N,N4932
never_make_up_their_minds,N,N4933
new_low,N,N4934
niggle,N,N4935
niggles,N,N4936
niggling,N,N4937
niggled,N,N4938
nightmare,N,N4939
nightmares,N,N4940
nightmarish,N,N4941
nightmarishly,N,N4942
nitpick,N,N4943
nitpicks,N,N4944
nitpicking,N,N4945
nitpicked,N,N4946
no_controls,N,N4947
no_standards,N,N4948
noise,N,N4949
noises,N,N4950
noisier,N,N4951
noisiest,N,N4952
noisy,N,N4953
non-confidence,N,N4954
nonexistent,N,N4955
nonresponsive,N,N4956
nonsense,N,N4957
normalized,N,N4958
nosy,N,N4959
nosier,N,N4960
nosiest,N,N4961
nosily,N,N4962
not_always_pro,N,N4963
not_defending,N,N4964
not_disputed,N,N4965
not_do_its_job,N,N4966
not_fans,N,N4967
not_functional,N,N4968
not_going_to_allow,N,N4969
not_honest,N,N4970
not_logical,N,N4971
not_protecting,N,N4972
not_tolerant,N,N4973
nothing_to_offer,N,N4974
notoriety,N,N4975
notorious,N,N4976
notoriously,N,N4977
noxious,N,N4978
noxiously,N,N4979
nuisance,N,N4980
nuisances,N,N4981
numb,N,N4982
number,N,N4983
numbest,N,N4984
numbly,N,N4985
nuts,N,N4986
obese,N,N4987
obesely,N,N4988
object,N,N4989
objects,N,N4990
objecting,N,N4991
objected,N,N4992
objection,N,N4993
objectionable,N,N4994
objectionably,N,N4995
objections,N,N4996
oblique,N,N4997
obliterate,N,N4998
obliterates,N,N4999
obliterating,N,N5000
obliterated,N,N5001
oblivious,N,N5002
obliviously,N,N5003
obnoxious,N,N5004
obnoxiously,N,N5005
obscene,N,N5006
obscenely,N,N5007
obscenity,N,N5008
obscenities,N,N5009
obscure,N,N5010
obscured,N,N5011
obscures,N,N5012
obscuring,N,N5013
obscurely,N,N5014
obscurity,N,N5015
obsess,N,N5016
obsesses,N,N5017
obsessing,N,N5018
obsessed,N,N5019
obsessive,N,N5020
obsessively,N,N5021
obsessiveness,N,N5022
obsolete,N,N5023
obsoletely,N,N5024
obstacle,N,N5025
obstacles,N,N5026
obstinate,N,N5027
obstinately,N,N5028
obstruct,N,N5029
obstructed,N,N5030
obstructing,N,N5031
obstruction,N,N5032
obstructions,N,N5033
obstructs,N,N5034
obtrusive,N,N5035
obtrusively,N,N5036
obtuse,N,N5037
obtusely,N,N5038
occlude,N,N5039
occluded,N,N5040
occludes,N,N5041
occluding,N,N5042
odd,N,N5043
odder,N,N5044
oddest,N,N5045
oddities,N,N5046
oddity,N,N5047
oddly,N,N5048
odor,N,N5049
odors,N,N5050
offense,N,N5051
offend,N,N5052
offends,N,N5053
offended,N,N5054
offender,N,N5055
offender,N,N5056
offending,N,N5057
offenses,N,N5058
offensive,N,N5059
offensively,N,N5060
offensiveness,N,N5061
officious,N,N5062
officiously,N,N5063
oligarchs_run,N,N5064
ominous,N,N5065
ominously,N,N5066
omission,N,N5067
omissions,N,N5068
omit,N,N5069
omits,N,N5070
omitting,N,N5071
omitted,N,N5072
on_war_footing,N,N5073
one_percent,N,N5074
one-party,N,N5075
one-sided,N,N5076
onerous,N,N5077
onerously,N,N5078
only_cares,N,N5079
onslaught,N,N5080
onslaughts,N,N5081
open_fire,N,N5082
opens_fire,N,N5083
opened_fire,N,N5084
opening_fire,N,N5085
opinionated,N,N5086
opponent,N,N5087
opponents,N,N5088
opportunistic,N,N5089
opportunistically,N,N5090
oppose,N,N5091
opposes,N,N5092
opposing,N,N5093
opposed,N,N5094
opposition,N,N5095
oppositions,N,N5096
oppress,N,N5097
oppresses,N,N5098
oppressing,N,N5099
oppressed,N,N5100
oppression,N,N5101
oppressive,N,N5102
oppressively,N,N5103
oppressiveness,N,N5104
oppressor,N,N5105
oppressors,N,N5106
orangutan,N,N5107
orangutans,N,N5108
orchestrate,N,N5109
orchestrates,N,N5110
orchestrating,N,N5111
orchestrated,N,N5112
ordeal,N,N5113
ordeals,N,N5114
orphan,N,N5115
orphans,N,N5116
ostracize,N,N5117
ostracizes,N,N5118
ostracizing,N,N5119
ostracized,N,N5120
out_of_its_mind,N,N5121
out_of_their_minds,N,N5122
out_of_touch,N,N5123
outbreak,N,N5124
outbreaks,N,N5125
outburst,N,N5126
outbursts,N,N5127
outcast,N,N5128
outcasts,N,N5129
outcry,N,N5130
outcries,N,N5131
outlaw,N,N5132
outlaws,N,N5133
outlier,N,N5134
outliers,N,N5135
outmoded,N,N5136
outmodedly,N,N5137
outrage,N,N5138
outraging,N,N5139
outraged,N,N5140
outrageous,N,N5141
outrageously,N,N5142
outrageousness,N,N5143
outrages,N,N5144
outsider,N,N5145
outsiders,N,N5146
over-hyped,N,N5147
overvaluation,N,N5148
overact,N,N5149
overacts,N,N5150
overacting,N,N5151
overacted,N,N5152
overawe,N,N5153
overawes,N,N5154
overawing,N,N5155
overawed,N,N5156
overbalance,N,N5157
overbalances,N,N5158
overbalancing,N,N5159
overbalanced,N,N5160
overbearing,N,N5161
overbearingly,N,N5162
overblown,N,N5163
overdo,N,N5164
overdoes,N,N5165
overdoing,N,N5166
overdid,N,N5167
overdone,N,N5168
overdue,N,N5169
overemphasize,N,N5170
overemphasizes,N,N5171
overemphasizing,N,N5172
overemphasized,N,N5173
overheat,N,N5174
overheats,N,N5175
overheating,N,N5176
overheated,N,N5177
overkill,N,N5178
overloaded,N,N5179
overlook,N,N5180
overlooks,N,N5181
overlooking,N,N5182
overlooked,N,N5183
overpaid,N,N5184
overplay,N,N5185
overplays,N,N5186
overplaying,N,N5187
overplayed,N,N5188
overpower,N,N5189
overpowers,N,N5190
overpowering,N,N5191
overpowered,N,N5192
overpriced,N,N5193
overrated,N,N5194
overreach,N,N5195
overreaches,N,N5196
overreaching,N,N5197
overreached,N,N5198
overrun,N,N5199
overshadow,N,N5200
overshadows,N,N5201
overshadowing,N,N5202
overshadowed,N,N5203
oversight,N,N5204
oversights,N,N5205
oversimplification,N,N5206
oversimplifications,N,N5207
oversimplified,N,N5208
oversimplify,N,N5209
oversimplifies,N,N5210
oversimplifying,N,N5211
oversize,N,N5212
overstate,N,N5213
overstated,N,N5214
overstatement,N,N5215
overstatements,N,N5216
overstates,N,N5217
overstating,N,N5218
overtaxed,N,N5219
overthrow,N,N5220
overthrows,N,N5221
overthrowing,N,N5222
overthrowed,N,N5223
overturn,N,N5224
overturns,N,N5225
overturning,N,N5226
overturned,N,N5227
overweight,N,N5228
overwhelm,N,N5229
overwhelmed,N,N5230
overwhelming,N,N5231
overwhelmingly,N,N5232
overwhelms,N,N5233
overzealous,N,N5234
overzealously,N,N5235
pain,N,N5236
painful,N,N5237
painfully,N,N5238
pains,N,N5239
paint,N,N5240
painted,N,N5241
paints,N,N5242
painting,N,N5243
pale,N,N5244
pales,N,N5245
paling,N,N5246
paled,N,N5247
paltry,N,N5248
paltrier,N,N5249
paltriest,N,N5250
paltrily,N,N5251
pandemonium,N,N5252
pander,N,N5253
pandering,N,N5254
panders,N,N5255
pandered,N,N5256
panic,N,N5257
panics,N,N5258
panicked,N,N5259
panicking,N,N5260
panicky,N,N5261
paradoxical,N,N5262
paradoxically,N,N5263
paralize,N,N5264
paralizes,N,N5265
paralizing,N,N5266
paralyzed,N,N5267
paranoia,N,N5268
paranoid,N,N5269
parasite,N,N5270
parasites,N,N5271
parasitize,N,N5272
parasitizes,N,N5273
parasitizing,N,N5274
parasitized,N,N5275
pariah,N,N5276
pariahs,N,N5277
parody,N,N5278
parodies,N,N5279
partiality,N,N5280
partisan,N,N5281
partisans,N,N5282
passe,N,N5283
passive,N,N5284
passively,N,N5285
passiveness,N,N5286
pathetic,N,N5287
pathetically,N,N5288
patronize,N,N5289
patronizes,N,N5290
patronizing,N,N5291
patronized,N,N5292
paucity,N,N5293
pauper,N,N5294
paupers,N,N5295
payback,N,N5296
peasant,N,N5297
peasants,N,N5298
peculiar,N,N5299
peculiarly,N,N5300
pedantic,N,N5301
pedantically,N,N5302
pedophile,N,N5303
pedophiles,N,N5304
pedophilia,N,N5305
peeled,N,N5306
peeve,N,N5307
peeves,N,N5308
peeved,N,N5309
peevish,N,N5310
peevishly,N,N5311
penalize,N,N5312
penalizes,N,N5313
penalizing,N,N5314
penalized,N,N5315
penalty,N,N5316
penalties,N,N5317
perfidious,N,N5318
perfidiously,N,N5319
perfidity,N,N5320
perfunctory,N,N5321
perfunctorily,N,N5322
peril,N,N5323
perilous,N,N5324
perilously,N,N5325
perish,N,N5326
perishes,N,N5327
perishing,N,N5328
perished,N,N5329
pernicious,N,N5330
perniciously,N,N5331
perplex,N,N5332
perplexes,N,N5333
perplexed,N,N5334
perplexing,N,N5335
perplexity,N,N5336
perplexities,N,N5337
persecute,N,N5338
persecutes,N,N5339
persecuting,N,N5340
persecuted,N,N5341
persecution,N,N5342
pertinacious,N,N5343
pertinaciously,N,N5344
pertinacity,N,N5345
perturb,N,N5346
perturbs,N,N5347
perturbing,N,N5348
perturbed,N,N5349
pervasive,N,N5350
pervasively,N,N5351
perverse,N,N5352
perversely,N,N5353
perversion,N,N5354
perversity,N,N5355
pervert,N,N5356
perverting,N,N5357
perverted,N,N5358
perverts,N,N5359
pessimism,N,N5360
pessimist,N,N5361
pessimists,N,N5362
pessimistic,N,N5363
pessimistically,N,N5364
pest,N,N5365
pests,N,N5366
pestilent,N,N5367
pestilently,N,N5368
petrified,N,N5369
petrify,N,N5370
petrifies,N,N5371
petrifying,N,N5372
pettifog,N,N5373
pettifogs,N,N5374
pettifogging,N,N5375
pettifogged,N,N5376
petty,N,N5377
pettier,N,N5378
pettiest,N,N5379
pettily,N,N5380
phobia,N,N5381
phobias,N,N5382
phobic,N,N5383
phony,N,N5384
phonier,N,N5385
phoniest,N,N5386
phonily,N,N5387
picket,N,N5388
picketed,N,N5389
picketing,N,N5390
pickets,N,N5391
picky,N,N5392
pickier,N,N5393
pickiest,N,N5394
pickily,N,N5395
pig,N,N5396
piggy_bank,N,N5397
pigs,N,N5398
pillage,N,N5399
pillages,N,N5400
pillaging,N,N5401
pillaged,N,N5402
pillory,N,N5403
pillories,N,N5404
pillorying,N,N5405
pilloried,N,N5406
pimple,N,N5407
pimples,N,N5408
pinch,N,N5409
pinches,N,N5410
pinching,N,N5411
pinched,N,N5412
pique,N,N5413
piques,N,N5414
piquing,N,N5415
piqued,N,N5416
pitiable,N,N5417
pitiably,N,N5418
pitiful,N,N5419
pitifully,N,N5420
pitiless,N,N5421
pitilessly,N,N5422
pittance,N,N5423
pity,N,N5424
pities,N,N5425
pitying,N,N5426
pitied,N,N5427
plagiarize,N,N5428
plagiarizes,N,N5429
plagiarizing,N,N5430
plagiarized,N,N5431
plague,N,N5432
plagues,N,N5433
plaguing,N,N5434
plagued,N,N5435
plasticky,N,N5436
play_down,N,N5437
plaything,N,N5438
playthings,N,N5439
plea,N,N5440
pleas,N,N5441
plebeian,N,N5442
plight,N,N5443
plights,N,N5444
plot,N,N5445
plots,N,N5446
plotting,N,N5447
plotted,N,N5448
plotter,N,N5449
plotters,N,N5450
ploy,N,N5451
ploys,N,N5452
plunder,N,N5453
plunders,N,N5454
plundering,N,N5455
plundered,N,N5456
plunderer,N,N5457
plunderers,N,N5458
pointless,N,N5459
pointlessly,N,N5460
poison,N,N5461
poisons,N,N5462
poisoning,N,N5463
poisoned,N,N5464
poisonous,N,N5465
poisonously,N,N5466
poky,N,N5467
pokier,N,N5468
pokiest,N,N5469
pokily,N,N5470
polarization,N,N5471
polarize,N,N5472
polarizes,N,N5473
polarizing,N,N5474
polarized,N,N5475
polemicize,N,N5476
polemicizes,N,N5477
polemicizing,N,N5478
polemicized,N,N5479
politicize,N,N5480
politicizes,N,N5481
politicizing,N,N5482
politicized,N,N5483
pollute,N,N5484
pollutes,N,N5485
polluting,N,N5486
polluted,N,N5487
polluter,N,N5488
polluters,N,N5489
polution,N,N5490
pompous,N,N5491
pompously,N,N5492
pooh-pooh,N,N5493
pooh-poohs,N,N5494
pooh-poohing,N,N5495
pooh-poohed,N,N5496
poor,N,N5497
poorer,N,N5498
poorest,N,N5499
poorly,N,N5500
poorly_situated,N,N5501
porn,N,N5502
porno,N,N5503
pornos,N,N5504
pornographic,N,N5505
pornographically,N,N5506
posture,N,N5507
postures,N,N5508
posturing,N,N5509
postured,N,N5510
potshot,N,N5511
potshots,N,N5512
pound,N,N5513
pounds,N,N5514
pounding,N,N5515
pounded,N,N5516
pout,N,N5517
pouts,N,N5518
pouting,N,N5519
pouted,N,N5520
poverty,N,N5521
powerless,N,N5522
powerlessly,N,N5523
prate,N,N5524
prates,N,N5525
prating,N,N5526
prated,N,N5527
pratfall,N,N5528
pratfalls,N,N5529
prattle,N,N5530
prattles,N,N5531
prattling,N,N5532
prattled,N,N5533
precarious,N,N5534
precariously,N,N5535
precipitate,N,N5536
precipitates,N,N5537
precipitating,N,N5538
precipitated,N,N5539
precipitous,N,N5540
precipitously,N,N5541
predatory,N,N5542
predatorily,N,N5543
predicament,N,N5544
predicaments,N,N5545
prejudge,N,N5546
prejudges,N,N5547
prejudging,N,N5548
prejudged,N,N5549
prejudice,N,N5550
prejudices,N,N5551
prejudicial,N,N5552
prejudicially,N,N5553
premeditated,N,N5554
preoccupy,N,N5555
preoccupies,N,N5556
preoccupying,N,N5557
preoccupied,N,N5558
preposterous,N,N5559
preposterously,N,N5560
presumptuous,N,N5561
presumptuously,N,N5562
pretend,N,N5563
pretends,N,N5564
pretending,N,N5565
pretended,N,N5566
pretense,N,N5567
pretenses,N,N5568
pretentious,N,N5569
pretentiously,N,N5570
prevaricate,N,N5571
prevaricates,N,N5572
prevaricating,N,N5573
prevaricated,N,N5574
pricey,N,N5575
pricier,N,N5576
priciest,N,N5577
pricily,N,N5578
prick,N,N5579
pricks,N,N5580
prickle,N,N5581
prickles,N,N5582
prideful,N,N5583
pridefully,N,N5584
primitive,N,N5585
primitively,N,N5586
prison,N,N5587
prisons,N,N5588
prisoner,N,N5589
prisoners,N,N5590
problem,N,N5591
problematic,N,N5592
problematically,N,N5593
problems,N,N5594
procrastinate,N,N5595
procrastinates,N,N5596
procrastinating,N,N5597
procrastinated,N,N5598
procrastination,N,N5599
profane,N,N5600
profanely,N,N5601
profanity,N,N5602
profanities,N,N5603
programmed,N,N5604
prohibit,N,N5605
prohibits,N,N5606
prohibiting,N,N5607
prohibited,N,N5608
prohibitive,N,N5609
prohibitively,N,N5610
propaganda,N,N5611
propagandist,N,N5612
propagandists,N,N5613
propagandize,N,N5614
propagandizes,N,N5615
propagandizing,N,N5616
propagandized,N,N5617
proprietary,N,N5618
proprietarily,N,N5619
prosecute,N,N5620
prosecutes,N,N5621
prosecuting,N,N5622
prosecuted,N,N5623
protest,N,N5624
protested,N,N5625
protesting,N,N5626
protests,N,N5627
protracted,N,N5628
provocation,N,N5629
provocations,N,N5630
provocative,N,N5631
provocatively,N,N5632
provoke,N,N5633
provokes,N,N5634
provoking,N,N5635
provoked,N,N5636
pry,N,N5637
pries,N,N5638
prying,N,N5639
pried,N,N5640
psychopath,N,N5641
psychopaths,N,N5642
psychotic,N,N5643
psychotically,N,N5644
pugnacious,N,N5645
pugnaciously,N,N5646
pugnacity,N,N5647
puke,N,N5648
pukes,N,N5649
puking,N,N5650
puked,N,N5651
pull_us_into,N,N5652
punch,N,N5653
punches,N,N5654
punish,N,N5655
punishes,N,N5656
punishing,N,N5657
punished,N,N5658
punishable,N,N5659
punitive,N,N5660
punitively,N,N5661
punk,N,N5662
punks,N,N5663
puny,N,N5664
punier,N,N5665
puniest,N,N5666
punily,N,N5667
puppet,N,N5668
puppets,N,N5669
push,N,N5670
pushes,N,N5671
pushing,N,N5672
pushed,N,N5673
put_facts_last,N,N5674
put_their_heads_in_the_sand,N,N5675
puzzle,N,N5676
puzzles,N,N5677
puzzled,N,N5678
puzzlement,N,N5679
puzzling,N,N5680
quack,N,N5681
qualm,N,N5682
qualms,N,N5683
quandary,N,N5684
quandaries,N,N5685
quarrel,N,N5686
quarreling,N,N5687
quarreled,N,N5688
quarrellous,N,N5689
quarrellously,N,N5690
quarrels,N,N5691
quarrelsome,N,N5692
quarrelsomely,N,N5693
quash,N,N5694
quashes,N,N5695
quashing,N,N5696
quashed,N,N5697
queer,N,N5698
queerly,N,N5699
questionable,N,N5700
questionably,N,N5701
quibble,N,N5702
quibbles,N,N5703
quitter,N,N5704
quitters,N,N5705
rabid,N,N5706
rabidly,N,N5707
race_to_the_bottom,N,N5708
racism,N,N5709
racist,N,N5710
racists,N,N5711
racy,N,N5712
racier,N,N5713
raciest,N,N5714
racily,N,N5715
radical,N,N5716
radicalism,N,N5717
radicalization,N,N5718
radicalized,N,N5719
radically,N,N5720
radicals,N,N5721
rage,N,N5722
rages,N,N5723
raged,N,N5724
ragged,N,N5725
raggedly,N,N5726
raging,N,N5727
rail,N,N5728
rails,N,N5729
railing,N,N5730
railed,N,N5731
raked,N,N5732
rampage,N,N5733
rampages,N,N5734
rampaging,N,N5735
rampaged,N,N5736
rampant,N,N5737
rampantly,N,N5738
ramshackle,N,N5739
rancor,N,N5740
rankle,N,N5741
rankles,N,N5742
rankling,N,N5743
rankled,N,N5744
rant,N,N5745
ranted,N,N5746
ranting,N,N5747
rantingly,N,N5748
rants,N,N5749
rape,N,N5750
rapes,N,N5751
rape_capital,N,N5752
raped,N,N5753
raping,N,N5754
rapist,N,N5755
rapists,N,N5756
rascal,N,N5757
rascals,N,N5758
rash,N,N5759
rashly,N,N5760
rat,N,N5761
rats,N,N5762
rattle,N,N5763
rattled,N,N5764
rattles,N,N5765
rattling,N,N5766
ravage,N,N5767
ravages,N,N5768
ravaging,N,N5769
ravaged,N,N5770
reactionary,N,N5771
rebellious,N,N5772
rebelliously,N,N5773
rebuff,N,N5774
rebuffs,N,N5775
rebuffing,N,N5776
rebuffed,N,N5777
rebuke,N,N5778
rebukes,N,N5779
rebuking,N,N5780
rebuked,N,N5781
recalcitrant,N,N5782
recant,N,N5783
recants,N,N5784
recanting,N,N5785
recanted,N,N5786
recession,N,N5787
recessions,N,N5788
recessionary,N,N5789
reckless,N,N5790
recklessly,N,N5791
recklessness,N,N5792
recoil,N,N5793
recoils,N,N5794
recoiling,N,N5795
recoiled,N,N5796
recourse,N,N5797
recourses,N,N5798
redundancy,N,N5799
redundant,N,N5800
redundantly,N,N5801
refusal,N,N5802
refusals,N,N5803
refuse,N,N5804
refused,N,N5805
refuses,N,N5806
refusing,N,N5807
refutation,N,N5808
refutations,N,N5809
refute,N,N5810
refuted,N,N5811
refutes,N,N5812
refuting,N,N5813
regress,N,N5814
regresses,N,N5815
regressing,N,N5816
regressed,N,N5817
regression,N,N5818
regressions,N,N5819
regressive,N,N5820
regressively,N,N5821
regret,N,N5822
regretful,N,N5823
regretfully,N,N5824
regrets,N,N5825
regrettable,N,N5826
regrettably,N,N5827
regretted,N,N5828
regretting,N,N5829
regurgitates,N,N5830
regurgitate,N,N5831
regurgitating,N,N5832
regurgitated,N,N5833
reign_of_terror,N,N5834
reject,N,N5835
rejected,N,N5836
rejecting,N,N5837
rejection,N,N5838
rejections,N,N5839
rejects,N,N5840
relapse,N,N5841
relapses,N,N5842
relapsing,N,N5843
relapsed,N,N5844
relentless,N,N5845
relentlessly,N,N5846
relentlessness,N,N5847
reluctance,N,N5848
reluctant,N,N5849
reluctantly,N,N5850
remorse,N,N5851
remorseful,N,N5852
remorsefully,N,N5853
remorseless,N,N5854
remorselessly,N,N5855
remorselessness,N,N5856
renounce,N,N5857
renounces,N,N5858
renouncing,N,N5859
renounced,N,N5860
renunciation,N,N5861
renunciations,N,N5862
repel,N,N5863
repels,N,N5864
repelling,N,N5865
repelled,N,N5866
repetitive,N,N5867
repetitively,N,N5868
reprehend,N,N5869
reprehends,N,N5870
reprehending,N,N5871
reprehended,N,N5872
reprehensible,N,N5873
reprehensibly,N,N5874
reprehension,N,N5875
reprehensive,N,N5876
reprehensively,N,N5877
repress,N,N5878
represses,N,N5879
repressing,N,N5880
repressed,N,N5881
repression,N,N5882
repressive,N,N5883
repressively,N,N5884
reprimand,N,N5885
reprimands,N,N5886
reprimanding,N,N5887
reprimanded,N,N5888
reproach,N,N5889
reproaches,N,N5890
reproaching,N,N5891
reproached,N,N5892
reproachful,N,N5893
reproachfully,N,N5894
reprove,N,N5895
reproves,N,N5896
reproving,N,N5897
reprovingly,N,N5898
reproved,N,N5899
repudiate,N,N5900
repudiates,N,N5901
repudiating,N,N5902
repudiated,N,N5903
repudiation,N,N5904
repugn,N,N5905
repugns,N,N5906
repugning,N,N5907
repugned,N,N5908
repugnance,N,N5909
repugnant,N,N5910
repugnantly,N,N5911
repulse,N,N5912
repulses,N,N5913
repulsed,N,N5914
repulsing,N,N5915
repulsive,N,N5916
repulsively,N,N5917
repulsiveness,N,N5918
resent,N,N5919
resents,N,N5920
resenting,N,N5921
resented,N,N5922
resentful,N,N5923
resentfully,N,N5924
resentment,N,N5925
resist,N,N5926
resists,N,N5927
resisting,N,N5928
resisted,N,N5929
resistance,N,N5930
responsibility,N,N5931
responsibilities,N,N5932
restless,N,N5933
restlessly,N,N5934
restlessness,N,N5935
restrict,N,N5936
restricts,N,N5937
restricting,N,N5938
restricted,N,N5939
restriction,N,N5940
restrictions,N,N5941
restrictive,N,N5942
restrictively,N,N5943
resurgent,N,N5944
retaliate,N,N5945
retaliates,N,N5946
retaliating,N,N5947
retaliated,N,N5948
retaliatory,N,N5949
retard,N,N5950
retarded,N,N5951
retardedness,N,N5952
retards,N,N5953
reticent,N,N5954
reticently,N,N5955
retract,N,N5956
retracts,N,N5957
retracting,N,N5958
retracted,N,N5959
retreat,N,N5960
retreats,N,N5961
retreating,N,N5962
retreated,N,N5963
revenge,N,N5964
revengeful,N,N5965
revengefully,N,N5966
revert,N,N5967
reverts,N,N5968
reverting,N,N5969
reverted,N,N5970
revile,N,N5971
reviles,N,N5972
reviling,N,N5973
reviled,N,N5974
revokes,N,N5975
revoke,N,N5976
revoking,N,N5977
revoked,N,N5978
revolt,N,N5979
revolts,N,N5980
revolting,N,N5981
revoltingly,N,N5982
revolted,N,N5983
revulsion,N,N5984
revulsive,N,N5985
revulsively,N,N5986
rhapsodize,N,N5987
rhapsodizes,N,N5988
rhapsodizing,N,N5989
rhapsodized,N,N5990
ricer,N,N5991
ridicule,N,N5992
ridicules,N,N5993
ridiculing,N,N5994
ridiculed,N,N5995
ridiculous,N,N5996
ridiculously,N,N5997
rife,N,N5998
rifely,N,N5999
rift,N,N6000
rifts,N,N6001
rigid,N,N6002
rigidly,N,N6003
rigidity,N,N6004
rigidness,N,N6005
rile,N,N6006
riles,N,N6007
riling,N,N6008
riled,N,N6009
rip,N,N6010
rips,N,N6011
rip-off,N,N6012
ripping,N,N6013
ripped,N,N6014
risk,N,N6015
risks,N,N6016
risky,N,N6017
riskier,N,N6018
riskiest,N,N6019
riskily,N,N6020
rival,N,N6021
rivals,N,N6022
rivalry,N,N6023
rivalries,N,N6024
roadblock,N,N6025
roadblocks,N,N6026
rocky,N,N6027
rockier,N,N6028
rockiest,N,N6029
rockily,N,N6030
rogue,N,N6031
rogues,N,N6032
rollercoaster,N,N6033
rollercoasters,N,N6034
rot,N,N6035
rots,N,N6036
rotting,N,N6037
rotted,N,N6038
rotten,N,N6039
rottenly,N,N6040
rottweiler,N,N6041
rottweilers,N,N6042
rough,N,N6043
rougher,N,N6044
roughest,N,N6045
roughly,N,N6046
rounded_up,N,N6047
irremediable,N,N6048
irremediably,N,N6049
rubbish,N,N6050
rude,N,N6051
ruder,N,N6052
rudest,N,N6053
rudely,N,N6054
rue,N,N6055
rues,N,N6056
ruing,N,N6057
rued,N,N6058
ruffian,N,N6059
ruffians,N,N6060
ruffle,N,N6061
ruffles,N,N6062
ruffling,N,N6063
ruffled,N,N6064
ruin,N,N6065
ruined,N,N6066
ruining,N,N6067
ruinous,N,N6068
ruinously,N,N6069
ruins,N,N6070
rule_against,N,N6071
rumbling,N,N6072
rumblings,N,N6073
rumor,N,N6074
rumors,N,N6075
rumple,N,N6076
rumples,N,N6077
rumpling,N,N6078
rumpled,N,N6079
run_you_over,N,N6080
run-down,N,N6081
runaway,N,N6082
runaways,N,N6083
rupture,N,N6084
ruptures,N,N6085
rushing_to_judgment,N,N6086
rust,N,N6087
rusts,N,N6088
rusting,N,N6089
rusted,N,N6090
rusty,N,N6091
rustier,N,N6092
rustiest,N,N6093
rustily,N,N6094
rut,N,N6095
ruthless,N,N6096
ruthlessly,N,N6097
ruthlessness,N,N6098
ruts,N,N6099
sabotage,N,N6100
sabotages,N,N6101
sabotaging,N,N6102
sabotaged,N,N6103
saboteur,N,N6104
saboteurs,N,N6105
sack,N,N6106
sacks,N,N6107
sacking,N,N6108
sacked,N,N6109
sacrificed,N,N6110
sad,N,N6111
sadden,N,N6112
saddens,N,N6113
saddening,N,N6114
saddened,N,N6115
sadly,N,N6116
sadness,N,N6117
sadder,N,N6118
saddest,N,N6119
sag,N,N6120
sagged,N,N6121
sagging,N,N6122
saggy,N,N6123
saggier,N,N6124
saggiest,N,N6125
sags,N,N6126
salacious,N,N6127
salaciously,N,N6128
salem,N,N6129
sanctimonious,N,N6130
sanctimoniously,N,N6131
sap,N,N6132
saps,N,N6133
sapping,N,N6134
sapped,N,N6135
sarcasm,N,N6136
sarcastic,N,N6137
sarcastically,N,N6138
sardonic,N,N6139
sardonically,N,N6140
sass,N,N6141
sasses,N,N6142
sassing,N,N6143
sassed,N,N6144
satirical,N,N6145
satirically,N,N6146
satirize,N,N6147
satirizes,N,N6148
satirizing,N,N6149
satirized,N,N6150
savage,N,N6151
savaged,N,N6152
savaging,N,N6153
savagery,N,N6154
savages,N,N6155
say_anything_they_want,N,N6156
saying_next_to_nothing,N,N6157
scaly,N,N6158
scalier,N,N6159
scaliest,N,N6160
scam,N,N6161
scams,N,N6162
scandal,N,N6163
scandalize,N,N6164
scandalizes,N,N6165
scandalizing,N,N6166
scandalized,N,N6167
scandalous,N,N6168
scandalously,N,N6169
scandals,N,N6170
scant,N,N6171
scanter,N,N6172
scantest,N,N6173
scantly,N,N6174
scapegoat,N,N6175
scapegoats,N,N6176
scar,N,N6177
scarring,N,N6178
scarce,N,N6179
scarcely,N,N6180
scarcity,N,N6181
scarcities,N,N6182
scare,N,N6183
scares,N,N6184
scaring,N,N6185
scared,N,N6186
scarier,N,N6187
scariest,N,N6188
scarily,N,N6189
scarred,N,N6190
scars,N,N6191
scary,N,N6192
scathing,N,N6193
scathingly,N,N6194
scheme,N,N6195
schemes,N,N6196
schizophrenic,N,N6197
scoff,N,N6198
scoffs,N,N6199
scoffing,N,N6200
scoffingly,N,N6201
scoffed,N,N6202
scold,N,N6203
scolded,N,N6204
scolding,N,N6205
scoldingly,N,N6206
scolds,N,N6207
scorching,N,N6208
scorchingly,N,N6209
scorn,N,N6210
scornful,N,N6211
scornfully,N,N6212
scoundrel,N,N6213
scoundrels,N,N6214
scourge,N,N6215
scowl,N,N6216
scowls,N,N6217
scowling,N,N6218
scowled,N,N6219
scramble,N,N6220
scrambled,N,N6221
scrambles,N,N6222
scrambling,N,N6223
scrap,N,N6224
scrap,N,N6225
scrapping,N,N6226
scrapped,N,N6227
scratch,N,N6228
scratched,N,N6229
scratches,N,N6230
scratching,N,N6231
scratchy,N,N6232
scratchier,N,N6233
scratchiest,N,N6234
scratchily,N,N6235
scream,N,N6236
screams,N,N6237
screaming,N,N6238
screamed,N,N6239
screech,N,N6240
screeches,N,N6241
screeching,N,N6242
screeches,N,N6243
screw-up,N,N6244
screw-ups,N,N6245
screwed,N,N6246
screwed-up,N,N6247
screwy,N,N6248
screwier,N,N6249
screwiest,N,N6250
scuff,N,N6251
scuffs,N,N6252
scuffing,N,N6253
scuffed,N,N6254
scum,N,N6255
scum_of_the_earth,N,N6256
scummy,N,N6257
scummier,N,N6258
scummiest,N,N6259
second-class,N,N6260
second-tier,N,N6261
secretive,N,N6262
secretively,N,N6263
secrets,N,N6264
sedentary,N,N6265
sedentarily,N,N6266
seedy,N,N6267
seedier,N,N6268
seediest,N,N6269
seedily,N,N6270
seethe,N,N6271
seethes,N,N6272
seething,N,N6273
seethed,N,N6274
self-coup,N,N6275
self-criticism,N,N6276
self-defeating,N,N6277
self-destructive,N,N6278
self-destructively,N,N6279
self-humiliation,N,N6280
self-interest,N,N6281
self-interested,N,N6282
self-serving,N,N6283
selfish,N,N6284
selfishly,N,N6285
selfishness,N,N6286
semi-retarded,N,N6287
senile,N,N6288
sensationalize,N,N6289
sensationalizes,N,N6290
sensationalizing,N,N6291
sensationalized,N,N6292
senseless,N,N6293
senselessly,N,N6294
sensitive,N,N6295
sensitively,N,N6296
sermonize,N,N6297
sermonizes,N,N6298
sermonizing,N,N6299
sermonized,N,N6300
servitude,N,N6301
setup,N,N6302
setback,N,N6303
setbacks,N,N6304
sever,N,N6305
severs,N,N6306
severing,N,N6307
severed,N,N6308
severe,N,N6309
severely,N,N6310
severity,N,N6311
sexual_assault_problem,N,N6312
shabby,N,N6313
shabbier,N,N6314
shabbiest,N,N6315
shabbily,N,N6316
shadowy,N,N6317
shady,N,N6318
shadier,N,N6319
shadiest,N,N6320
shadily,N,N6321
shake,N,N6322
shakes,N,N6323
shaking,N,N6324
shaked,N,N6325
shaky,N,N6326
shakier,N,N6327
shakiest,N,N6328
shakily,N,N6329
shallow,N,N6330
shallower,N,N6331
shallowest,N,N6332
shallowly,N,N6333
sham,N,N6334
shams,N,N6335
shambles,N,N6336
shame,N,N6337
shameful,N,N6338
shamefully,N,N6339
shamefulness,N,N6340
shameless,N,N6341
shamelessly,N,N6342
shamelessness,N,N6343
shark,N,N6344
sharks,N,N6345
sharply,N,N6346
shatter,N,N6347
shatters,N,N6348
shattering,N,N6349
shattered,N,N6350
shemale,N,N6351
shemales,N,N6352
shimmer,N,N6353
shimmers,N,N6354
shimmy,N,N6355
shimmies,N,N6356
shimmying,N,N6357
shimmied,N,N6358
shipwreck,N,N6359
shipwrecks,N,N6360
shirk,N,N6361
shirks,N,N6362
shirking,N,N6363
shirked,N,N6364
shirker,N,N6365
shirkers,N,N6366
shit,N,N6367
shits,N,N6368
shitting,N,N6369
shiver,N,N6370
shivers,N,N6371
shock,N,N6372
shocks,N,N6373
shocked,N,N6374
shocking,N,N6375
shockingly,N,N6376
shoddy,N,N6377
shoddier,N,N6378
shoddiest,N,N6379
shoddily,N,N6380
short-lived,N,N6381
shortage,N,N6382
shortages,N,N6383
shortchange,N,N6384
shortchanges,N,N6385
shortchanging,N,N6386
shortchanged,N,N6387
shortcoming,N,N6388
shortcomings,N,N6389
shortness,N,N6390
shortsighted,N,N6391
shortsightedly,N,N6392
shortsightedness,N,N6393
showdown,N,N6394
showdowns,N,N6395
shrew,N,N6396
shrews,N,N6397
shriek,N,N6398
shrieks,N,N6399
shrieking,N,N6400
shrieked,N,N6401
shrill,N,N6402
shrilly,N,N6403
shrivel,N,N6404
shrivels,N,N6405
shriveling,N,N6406
shriveled,N,N6407
shroud,N,N6408
shrouds,N,N6409
shrouding,N,N6410
shrouded,N,N6411
shrug,N,N6412
shrugs,N,N6413
shrugging,N,N6414
shrugged,N,N6415
shun,N,N6416
shuns,N,N6417
shunning,N,N6418
shunned,N,N6419
shut_up,N,N6420
sick,N,N6421
sicken,N,N6422
sickens,N,N6423
sickening,N,N6424
sickeningly,N,N6425
sickened,N,N6426
sickly,N,N6427
sickness,N,N6428
sickenesses,N,N6429
sidetrack,N,N6430
sidetracks,N,N6431
sidetracking,N,N6432
sidetracked,N,N6433
siege,N,N6434
sieges,N,N6435
silenced,N,N6436
sillily,N,N6437
silly,N,N6438
sillier,N,N6439
silliest,N,N6440
simplistic,N,N6441
simplistically,N,N6442
sin,N,N6443
sins,N,N6444
sinning,N,N6445
sinned,N,N6446
sinful,N,N6447
sinfully,N,N6448
sinister,N,N6449
sinisterly,N,N6450
sink,N,N6451
sinks,N,N6452
sinking,N,N6453
sank,N,N6454
skeleton,N,N6455
skeletons,N,N6456
skeptic,N,N6457
skeptics,N,N6458
skeptical,N,N6459
skeptically,N,N6460
skepticism,N,N6461
sketchy,N,N6462
sketchier,N,N6463
sketchiest,N,N6464
sketchily,N,N6465
skewed,N,N6466
skimpy,N,N6467
skimpier,N,N6468
skimpiest,N,N6469
skimpily,N,N6470
skirt,N,N6471
skirts,N,N6472
skirting,N,N6473
skirted,N,N6474
skittish,N,N6475
skittishly,N,N6476
skulk,N,N6477
skulks,N,N6478
skulking,N,N6479
skulked,N,N6480
slack,N,N6481
slackly,N,N6482
slander,N,N6483
slanderer,N,N6484
slanderers,N,N6485
slanderers,N,N6486
slanderous,N,N6487
slanderously,N,N6488
slanders,N,N6489
slandering,N,N6490
slandered,N,N6491
slap,N,N6492
slaps,N,N6493
slapping,N,N6494
slapped,N,N6495
slashing,N,N6496
slashingly,N,N6497
slaughter,N,N6498
slaughters,N,N6499
slaughtering,N,N6500
slaughtered,N,N6501
slave,N,N6502
slave_patrols,N,N6503
slaves,N,N6504
sleazy,N,N6505
sleazier,N,N6506
sleaziest,N,N6507
sleazily,N,N6508
slime,N,N6509
slog,N,N6510
slogged,N,N6511
slogging,N,N6512
slogs,N,N6513
sloppily,N,N6514
sloppy,N,N6515
sloppier,N,N6516
sloppiest,N,N6517
sloth,N,N6518
slothful,N,N6519
slothfully,N,N6520
slow,N,N6521
slow-moving,N,N6522
slowed,N,N6523
slowing,N,N6524
slows,N,N6525
slower,N,N6526
slowest,N,N6527
slowly,N,N6528
slug,N,N6529
slugs,N,N6530
slugging,N,N6531
slugged,N,N6532
sluggish,N,N6533
sluggishly,N,N6534
slump,N,N6535
slumps,N,N6536
slumping,N,N6537
slumped,N,N6538
slur,N,N6539
slurs,N,N6540
slut,N,N6541
sluts,N,N6542
slutty,N,N6543
sluttier,N,N6544
sluttiest,N,N6545
sly,N,N6546
slyer,N,N6547
slyest,N,N6548
slyly,N,N6549
smack,N,N6550
smacks,N,N6551
smacking,N,N6552
smacked,N,N6553
smash,N,N6554
smashes,N,N6555
smashing,N,N6556
smashed,N,N6557
smear,N,N6558
smears,N,N6559
smeared,N,N6560
smearing,N,N6561
smell,N,N6562
smelled,N,N6563
smelling,N,N6564
smells,N,N6565
smelly,N,N6566
smellier,N,N6567
smelliest,N,N6568
smelt,N,N6569
smelts,N,N6570
smelting,N,N6571
smelted,N,N6572
smoke,N,N6573
smoke_screen,N,N6574
smoke_screens,N,N6575
smolder,N,N6576
smolders,N,N6577
smoldering,N,N6578
smoldered,N,N6579
smother,N,N6580
smothers,N,N6581
smothering,N,N6582
smothered,N,N6583
smudge,N,N6584
smudged,N,N6585
smudges,N,N6586
smudging,N,N6587
smug,N,N6588
smugger,N,N6589
smuggest,N,N6590
smugly,N,N6591
smut,N,N6592
smuttier,N,N6593
smuttiest,N,N6594
smutty,N,N6595
smuttily,N,N6596
snag,N,N6597
snagged,N,N6598
snagging,N,N6599
snags,N,N6600
snappish,N,N6601
snappishly,N,N6602
snare,N,N6603
snares,N,N6604
snaring,N,N6605
snared,N,N6606
snarky,N,N6607
snarkier,N,N6608
snarkiest,N,N6609
snarl,N,N6610
snarls,N,N6611
snarling,N,N6612
snarled,N,N6613
sneak,N,N6614
sneaks,N,N6615
sneaking,N,N6616
snuck,N,N6617
sneakily,N,N6618
sneaky,N,N6619
sneer,N,N6620
sneers,N,N6621
sneering,N,N6622
sneeringly,N,N6623
sneered,N,N6624
snob,N,N6625
snobbish,N,N6626
snobbishly,N,N6627
snobby,N,N6628
snobbier,N,N6629
snobbiest,N,N6630
snobs,N,N6631
snotty,N,N6632
snottier,N,N6633
snottiest,N,N6634
snottily,N,N6635
snub,N,N6636
snubs,N,N6637
snubbing,N,N6638
snubbed,N,N6639
soapy,N,N6640
soapier,N,N6641
soapiest,N,N6642
soapily,N,N6643
sob,N,N6644
sobs,N,N6645
sobbing,N,N6646
sobbed,N,N6647
sober,N,N6648
sobers,N,N6649
sobering,N,N6650
sobered,N,N6651
soberly,N,N6652
social_justice_mob,N,N6653
solemn,N,N6654
solemnly,N,N6655
somber,N,N6656
somberly,N,N6657
sore,N,N6658
sorely,N,N6659
soreness,N,N6660
sorority,N,N6661
sororities,N,N6662
sorrow,N,N6663
sorrowful,N,N6664
sorrowfully,N,N6665
sorry,N,N6666
sorrier,N,N6667
sorriest,N,N6668
sorrily,N,N6669
sour,N,N6670
sourly,N,N6671
spade,N,N6672
spank,N,N6673
spanks,N,N6674
spanking,N,N6675
spanked,N,N6676
special_interest,N,N6677
speculated_wildly,N,N6678
spendy,N,N6679
spew,N,N6680
spewed,N,N6681
spewing,N,N6682
spews,N,N6683
spilling,N,N6684
spin,N,N6685
spins,N,N6686
spinning,N,N6687
spun,N,N6688
spinster,N,N6689
spinsters,N,N6690
spiritless,N,N6691
spiritlessly,N,N6692
spite,N,N6693
spiteful,N,N6694
spitefully,N,N6695
spitefulness,N,N6696
splatter,N,N6697
splatters,N,N6698
splattering,N,N6699
splattered,N,N6700
split,N,N6701
splits,N,N6702
splitting,N,N6703
spoil,N,N6704
spoiling,N,N6705
spoilage,N,N6706
spoilages,N,N6707
spoiled,N,N6708
spoils,N,N6709
spook,N,N6710
spooks,N,N6711
spooking,N,N6712
spooked,N,N6713
spookier,N,N6714
spookiest,N,N6715
spookily,N,N6716
spooky,N,N6717
spoon-fed,N,N6718
spoon-feed,N,N6719
spoon-feeds,N,N6720
spoon-feeding,N,N6721
sporadic,N,N6722
sporadically,N,N6723
spotty,N,N6724
spottier,N,N6725
spottiest,N,N6726
spottily,N,N6727
spurious,N,N6728
spuriously,N,N6729
spurn,N,N6730
spurns,N,N6731
spurning,N,N6732
spurned,N,N6733
sputter,N,N6734
sputters,N,N6735
sputtering,N,N6736
sputtered,N,N6737
squabble,N,N6738
squabbles,N,N6739
squabbling,N,N6740
squabbled,N,N6741
squander,N,N6742
squanders,N,N6743
squandering,N,N6744
squandered,N,N6745
squash,N,N6746
squashes,N,N6747
squashing,N,N6748
squashed,N,N6749
squeak,N,N6750
squeaks,N,N6751
squeaking,N,N6752
squeaked,N,N6753
squeaky,N,N6754
squeakier,N,N6755
squeakiest,N,N6756
squeakily,N,N6757
squeal,N,N6758
squealing,N,N6759
squeals,N,N6760
squealed,N,N6761
squirm,N,N6762
squirms,N,N6763
squirming,N,N6764
squirmed,N,N6765
stab,N,N6766
stabs,N,N6767
stabbing,N,N6768
stabbed,N,N6769
stagnant,N,N6770
stagnantly,N,N6771
stagnate,N,N6772
stagnates,N,N6773
stagnating,N,N6774
stagnated,N,N6775
stagnation,N,N6776
staid,N,N6777
staidly,N,N6778
stain,N,N6779
stains,N,N6780
staining,N,N6781
stained,N,N6782
stale,N,N6783
staler,N,N6784
stalest,N,N6785
stalely,N,N6786
stalemate,N,N6787
stall,N,N6788
stalls,N,N6789
stalling,N,N6790
stalled,N,N6791
stammer,N,N6792
stammers,N,N6793
stammering,N,N6794
stammered,N,N6795
stampede,N,N6796
stampedes,N,N6797
stampeding,N,N6798
stampeded,N,N6799
standstill,N,N6800
stark,N,N6801
starker,N,N6802
starkest,N,N6803
starkly,N,N6804
startle,N,N6805
startles,N,N6806
startling,N,N6807
startlingly,N,N6808
startled,N,N6809
starvation,N,N6810
starve,N,N6811
starves,N,N6812
starving,N,N6813
starved,N,N6814
static,N,N6815
statically,N,N6816
Statism,N,N6817
Statist,N,N6818
Statists,N,N6819
steal,N,N6820
stealing,N,N6821
steals,N,N6822
steep,N,N6823
steeper,N,N6824
steepest,N,N6825
steeply,N,N6826
stench,N,N6827
stenches,N,N6828
stereotype,N,N6829
stereotypes,N,N6830
stereotypical,N,N6831
stereotypically,N,N6832
stern,N,N6833
sterner,N,N6834
sternest,N,N6835
sternly,N,N6836
stew,N,N6837
stews,N,N6838
stewing,N,N6839
stewed,N,N6840
sticky,N,N6841
stickier,N,N6842
stickiest,N,N6843
stickily,N,N6844
stiff,N,N6845
stiffer,N,N6846
stiffest,N,N6847
stiffly,N,N6848
stiffness,N,N6849
stifle,N,N6850
stifles,N,N6851
stifling,N,N6852
stiflingly,N,N6853
stifled,N,N6854
stigma,N,N6855
stigmas,N,N6856
stigmatize,N,N6857
stigmatizes,N,N6858
stigmatizing,N,N6859
stigmatized,N,N6860
sting,N,N6861
stings,N,N6862
stinging,N,N6863
stingingly,N,N6864
stung,N,N6865
stingy,N,N6866
stingier,N,N6867
stingiest,N,N6868
stingingly,N,N6869
stink,N,N6870
stinks,N,N6871
stinking,N,N6872
stunk,N,N6873
stinky,N,N6874
stinkier,N,N6875
stinkiest,N,N6876
stodgy,N,N6877
stodgier,N,N6878
stodgiest,N,N6879
stodgily,N,N6880
stoke,N,N6881
stokes,N,N6882
stoked,N,N6883
stoking,N,N6884
stole,N,N6885
stolen,N,N6886
stooge,N,N6887
stooges,N,N6888
storm,N,N6889
storms,N,N6890
storming,N,N6891
stormed,N,N6892
stormy,N,N6893
stormier,N,N6894
stormiest,N,N6895
stormily,N,N6896
straggle,N,N6897
straggles,N,N6898
straggling,N,N6899
straggled,N,N6900
straggler,N,N6901
stragglers,N,N6902
strain,N,N6903
strains,N,N6904
strained,N,N6905
straining,N,N6906
strange,N,N6907
strangely,N,N6908
stranger,N,N6909
strangers,N,N6910
strangest,N,N6911
strangle,N,N6912
strangles,N,N6913
strangling,N,N6914
strangled,N,N6915
streaky,N,N6916
streakier,N,N6917
streakiest,N,N6918
streakily,N,N6919
strenuous,N,N6920
strenuously,N,N6921
stress,N,N6922
stresses,N,N6923
stressful,N,N6924
stressfully,N,N6925
stricken,N,N6926
strict,N,N6927
strictly,N,N6928
strident,N,N6929
stridently,N,N6930
strife,N,N6931
strike,N,N6932
strikes,N,N6933
striking,N,N6934
stringent,N,N6935
stringently,N,N6936
struck,N,N6937
struggle,N,N6938
struggled,N,N6939
struggles,N,N6940
struggling,N,N6941
strut,N,N6942
struts,N,N6943
strutting,N,N6944
strutted,N,N6945
stubborn,N,N6946
stubbornly,N,N6947
stubbornness,N,N6948
stuck,N,N6949
stuffy,N,N6950
stuffier,N,N6951
stuffiest,N,N6952
stuffily,N,N6953
stumble,N,N6954
stumbled,N,N6955
stumbles,N,N6956
stumbling,N,N6957
stump,N,N6958
stumping,N,N6959
stumped,N,N6960
stumps,N,N6961
stun,N,N6962
stuns,N,N6963
stunning,N,N6964
stunned,N,N6965
stunt,N,N6966
stunts,N,N6967
stunting,N,N6968
stunted,N,N6969
stupid,N,N6970
stupider,N,N6971
stupidest,N,N6972
stupidity,N,N6973
stupidly,N,N6974
stupidness,N,N6975
stupified,N,N6976
stupify,N,N6977
stupifies,N,N6978
stupifying,N,N6979
stupor,N,N6980
stutter,N,N6981
stuttered,N,N6982
stuttering,N,N6983
stutters,N,N6984
sty,N,N6985
sties,N,N6986
stymie,N,N6987
stymies,N,N6988
stymieing,N,N6989
stymied,N,N6990
subpar,N,N6991
subdued,N,N6992
subjected,N,N6993
subjection,N,N6994
subjugate,N,N6995
subjugates,N,N6996
subjugating,N,N6997
subjugated,N,N6998
subjugation,N,N6999
submissive,N,N7000
submissively,N,N7001
subordinate,N,N7002
subordinately,N,N7003
subpoena,N,N7004
subpoenas,N,N7005
subservience,N,N7006
subservient,N,N7007
subserviently,N,N7008
substandard,N,N7009
subtract,N,N7010
subtracts,N,N7011
subtracting,N,N7012
subtracted,N,N7013
subversion,N,N7014
subversive,N,N7015
subversively,N,N7016
subvert,N,N7017
subverts,N,N7018
subverting,N,N7019
subverted,N,N7020
succumb,N,N7021
succumbs,N,N7022
succumbing,N,N7023
succumbed,N,N7024
suck,N,N7025
sucking,N,N7026
sucked,N,N7027
sucker,N,N7028
suckered,N,N7029
suckers,N,N7030
sucks,N,N7031
sucky,N,N7032
suckier,N,N7033
suckiest,N,N7034
sue,N,N7035
sued,N,N7036
suing,N,N7037
sues,N,N7038
suffer,N,N7039
suffered,N,N7040
sufferer,N,N7041
sufferers,N,N7042
suffering,N,N7043
suffers,N,N7044
suffocate,N,N7045
suffocates,N,N7046
suffocating,N,N7047
suffocated,N,N7048
sugarcoat,N,N7049
sugarcoats,N,N7050
sugarcoating,N,N7051
sugarcoated,N,N7052
suicidal,N,N7053
suicidally,N,N7054
suicide,N,N7055
suicides,N,N7056
sulk,N,N7057
sulks,N,N7058
sulking,N,N7059
sulked,N,N7060
sullen,N,N7061
sullenly,N,N7062
sully,N,N7063
sullies,N,N7064
sullying,N,N7065
sullied,N,N7066
sunder,N,N7067
sunders,N,N7068
sundering,N,N7069
sundered,N,N7070
sunk,N,N7071
sunken,N,N7072
superficial,N,N7073
superficiality,N,N7074
superficially,N,N7075
superfluous,N,N7076
superfluously,N,N7077
superstition,N,N7078
superstitions,N,N7079
superstitious,N,N7080
superstitiously,N,N7081
supposed,N,N7082
suppress,N,N7083
suppresses,N,N7084
suppressing,N,N7085
suppressed,N,N7086
suppression,N,N7087
surrender,N,N7088
surrenders,N,N7089
surrendering,N,N7090
surrendered,N,N7091
susceptible,N,N7092
susceptibly,N,N7093
suspect,N,N7094
suspects,N,N7095
suspicion,N,N7096
suspicions,N,N7097
suspicious,N,N7098
suspiciously,N,N7099
swagger,N,N7100
swaggers,N,N7101
swaggering,N,N7102
swaggered,N,N7103
swallowed,N,N7104
swamped,N,N7105
sweaty,N,N7106
sweatier,N,N7107
sweatiest,N,N7108
sweatily,N,N7109
sweeping,N,N7110
swindle,N,N7111
swindles,N,N7112
swindling,N,N7113
swindled,N,N7114
swipe,N,N7115
swipes,N,N7116
swiping,N,N7117
swiped,N,N7118
swollen,N,N7119
swollenly,N,N7120
sycophant,N,N7121
sycophants,N,N7122
symptom,N,N7123
symptoms,N,N7124
syndrome,N,N7125
syndromes,N,N7126
taboo,N,N7127
tacky,N,N7128
tackier,N,N7129
tackiest,N,N7130
taint,N,N7131
taints,N,N7132
tainting,N,N7133
tainted,N,N7134
taken_over,N,N7135
taking_a_bath,N,N7136
taking_over,N,N7137
tamper,N,N7138
tampers,N,N7139
tampering,N,N7140
tampered,N,N7141
tangle,N,N7142
tangled,N,N7143
tangles,N,N7144
tangling,N,N7145
tank,N,N7146
tanking,N,N7147
tanked,N,N7148
tanks,N,N7149
tantrum,N,N7150
tantrums,N,N7151
tardy,N,N7152
tardier,N,N7153
tardiest,N,N7154
tardily,N,N7155
target,N,N7156
targets,N,N7157
targetting,N,N7158
targetted,N,N7159
tarnish,N,N7160
tarnished,N,N7161
tarnishes,N,N7162
tarnishing,N,N7163
tattered,N,N7164
taunt,N,N7165
taunting,N,N7166
tauntingly,N,N7167
taunts,N,N7168
taunted,N,N7169
taut,N,N7170
tauter,N,N7171
tautest,N,N7172
tautly,N,N7173
tawdry,N,N7174
tawdrier,N,N7175
tawdriest,N,N7176
tawdrily,N,N7177
taxing,N,N7178
tear_up,N,N7179
tease,N,N7180
teases,N,N7181
teasing,N,N7182
teasingly,N,N7183
teased,N,N7184
tedious,N,N7185
tediously,N,N7186
temerity,N,N7187
temper,N,N7188
tempers,N,N7189
tempest,N,N7190
tempests,N,N7191
temptation,N,N7192
temptations,N,N7193
tense,N,N7194
tenser,N,N7195
tensest,N,N7196
tensely,N,N7197
tension,N,N7198
tensions,N,N7199
tentative,N,N7200
tentatively,N,N7201
tenuous,N,N7202
tenuously,N,N7203
tepid,N,N7204
tepidly,N,N7205
terrible,N,N7206
terribleness,N,N7207
terribly,N,N7208
terror,N,N7209
terrors,N,N7210
terror-genic,N,N7211
terrorism,N,N7212
terrorist,N,N7213
terrorists,N,N7214
terroristic,N,N7215
terrorize,N,N7216
terrorizes,N,N7217
terrorizing,N,N7218
terrorized,N,N7219
testily,N,N7220
testy,N,N7221
testier,N,N7222
testiest,N,N7223
tetchily,N,N7224
tetchy,N,N7225
tetchier,N,N7226
tetchiest,N,N7227
thankless,N,N7228
thanklessly,N,N7229
thirst,N,N7230
thorny,N,N7231
thornier,N,N7232
thorniest,N,N7233
thornily,N,N7234
thoughtless,N,N7235
thoughtlessly,N,N7236
thoughtlessness,N,N7237
thrash,N,N7238
thrashes,N,N7239
thrashing,N,N7240
thrashed,N,N7241
threat,N,N7242
threaten,N,N7243
threatens,N,N7244
threatening,N,N7245
threatened,N,N7246
threats,N,N7247
threesome,N,N7248
threesomes,N,N7249
throb,N,N7250
throbbed,N,N7251
throbbing,N,N7252
throbs,N,N7253
throttle,N,N7254
throttles,N,N7255
throttling,N,N7256
throttled,N,N7257
thug,N,N7258
thugs,N,N7259
thumbs-down,N,N7260
thwart,N,N7261
thwarts,N,N7262
thwarting,N,N7263
thwarted,N,N7264
tie,N,N7265
ties,N,N7266
tying,N,N7267
tied,N,N7268
tiger_mom,N,N7269
time-consuming,N,N7270
timid,N,N7271
timidity,N,N7272
timidly,N,N7273
timidness,N,N7274
tingle,N,N7275
tingles,N,N7276
tingled,N,N7277
tingling,N,N7278
tire,N,N7279
tires,N,N7280
tired,N,N7281
tiredly,N,N7282
tiresome,N,N7283
tiresomely,N,N7284
tiring,N,N7285
tiringly,N,N7286
toady,N,N7287
toadies,N,N7288
toddler,N,N7289
toddlers,N,N7290
toil,N,N7291
toils,N,N7292
toiling,N,N7293
toiled,N,N7294
toll,N,N7295
tolls,N,N7296
top-heavy,N,N7297
topple,N,N7298
topples,N,N7299
toppling,N,N7300
toppled,N,N7301
torment,N,N7302
torments,N,N7303
tormenting,N,N7304
tormented,N,N7305
torrent,N,N7306
tortuous,N,N7307
tortuously,N,N7308
torture,N,N7309
tortured,N,N7310
tortures,N,N7311
torturing,N,N7312
torturous,N,N7313
torturously,N,N7314
totalitarian,N,N7315
touchy,N,N7316
touchier,N,N7317
touchiest,N,N7318
touchily,N,N7319
tout,N,N7320
touted,N,N7321
touting,N,N7322
touts,N,N7323
toxic,N,N7324
toxically,N,N7325
traduce,N,N7326
traduces,N,N7327
traducing,N,N7328
traduced,N,N7329
tragedy,N,N7330
tragedies,N,N7331
tragic,N,N7332
tragically,N,N7333
traitor,N,N7334
traitorous,N,N7335
traitorously,N,N7336
traitors,N,N7337
tramp,N,N7338
tramps,N,N7339
trample,N,N7340
tramples,N,N7341
trampling,N,N7342
trampled,N,N7343
transgress,N,N7344
transgresses,N,N7345
transgressing,N,N7346
transgressed,N,N7347
transgression,N,N7348
transgressions,N,N7349
trap,N,N7350
traps,N,N7351
trapping,N,N7352
trapped,N,N7353
trash,N,N7354
trashes,N,N7355
trashed,N,N7356
trashing,N,N7357
trashy,N,N7358
trashier,N,N7359
trashiest,N,N7360
trashily,N,N7361
trauma,N,N7362
traumatic,N,N7363
traumatically,N,N7364
traumatize,N,N7365
traumatizes,N,N7366
traumatizing,N,N7367
traumatized,N,N7368
travesties,N,N7369
travesty,N,N7370
treacherous,N,N7371
treacherously,N,N7372
treachery,N,N7373
treason,N,N7374
treasonous,N,N7375
treasonously,N,N7376
trick,N,N7377
tricks,N,N7378
tricking,N,N7379
tricked,N,N7380
trickery,N,N7381
tricky,N,N7382
trickier,N,N7383
trickiest,N,N7384
trickily,N,N7385
trivial,N,N7386
trivially,N,N7387
trivialize,N,N7388
trivializes,N,N7389
trivializing,N,N7390
trivialized,N,N7391
trouble,N,N7392
troubled,N,N7393
troublemaker,N,N7394
troublemakers,N,N7395
troubles,N,N7396
troublesome,N,N7397
troublesomely,N,N7398
troubling,N,N7399
troublingly,N,N7400
truant,N,N7401
truants,N,N7402
tumble,N,N7403
tumbled,N,N7404
tumbles,N,N7405
tumbling,N,N7406
tumultuous,N,N7407
tumultuously,N,N7408
turbulent,N,N7409
turbulently,N,N7410
turmoil,N,N7411
turning_on,N,N7412
twist,N,N7413
twisting,N,N7414
twisted,N,N7415
twists,N,N7416
two-faced,N,N7417
two-faces,N,N7418
tyrannical,N,N7419
tyrannically,N,N7420
tyranny,N,N7421
tyrant,N,N7422
tyrants,N,N7423
ugh,N,N7424
uglier,N,N7425
ugliest,N,N7426
ugliness,N,N7427
ugly,N,N7428
ulterior,N,N7429
ultimatum,N,N7430
ultimatums,N,N7431
ultra-hardline,N,N7432
unable,N,N7433
unacceptable,N,N7434
unacceptably,N,N7435
unaccessible,N,N7436
unaccessibly,N,N7437
unaccustomed,N,N7438
unachievable,N,N7439
unachievably,N,N7440
unaffordable,N,N7441
unaffordably,N,N7442
unappealing,N,N7443
unattractive,N,N7444
unattractively,N,N7445
unauthentic,N,N7446
unauthentically,N,N7447
unauthorized,N,N7448
unavailable,N,N7449
unavailably,N,N7450
unavoidable,N,N7451
unavoidably,N,N7452
unbearable,N,N7453
unbearably,N,N7454
unbelievable,N,N7455
unbelievably,N,N7456
uncaring,N,N7457
uncertain,N,N7458
uncertainly,N,N7459
unchecked,N,N7460
uncivil,N,N7461
uncivilly,N,N7462
uncivilized,N,N7463
unclean,N,N7464
unclear,N,N7465
unclearly,N,N7466
uncollectible,N,N7467
uncomfortable,N,N7468
uncomfortably,N,N7469
uncomfy,N,N7470
uncompetitive,N,N7471
uncompetitively,N,N7472
uncompromising,N,N7473
uncompromisingly,N,N7474
unconfirmed,N,N7475
unconstitutional,N,N7476
unconstitutionally,N,N7477
uncontrolled,N,N7478
unconvincing,N,N7479
unconvincingly,N,N7480
uncooperative,N,N7481
uncooperatively,N,N7482
uncouth,N,N7483
uncreative,N,N7484
uncreatively,N,N7485
undecided,N,N7486
undefined,N,N7487
undependability,N,N7488
undependable,N,N7489
undependably,N,N7490
undercut,N,N7491
undercuts,N,N7492
undercutting,N,N7493
underdog,N,N7494
underdogs,N,N7495
underestimate,N,N7496
underestimates,N,N7497
underestimating,N,N7498
underestimated,N,N7499
underling,N,N7500
underlings,N,N7501
undermine,N,N7502
undermined,N,N7503
undermines,N,N7504
undermining,N,N7505
underpaid,N,N7506
underpowered,N,N7507
undersized,N,N7508
undesirable,N,N7509
undesirably,N,N7510
undetermined,N,N7511
undid,N,N7512
undignified,N,N7513
undissolved,N,N7514
undocumented,N,N7515
undone,N,N7516
undue,N,N7517
unease,N,N7518
uneasily,N,N7519
uneasiness,N,N7520
uneasy,N,N7521
uneconomical,N,N7522
uneconomically,N,N7523
uneducated,N,N7524
unemployed,N,N7525
unequal,N,N7526
unequally,N,N7527
unethical,N,N7528
unethically,N,N7529
uneven,N,N7530
unevenly,N,N7531
uneventful,N,N7532
uneventfully,N,N7533
unexpected,N,N7534
unexpectedly,N,N7535
unexplained,N,N7536
unfair,N,N7537
unfairly,N,N7538
unfaithful,N,N7539
unfaithfully,N,N7540
unfamiliar,N,N7541
unfamiliarly,N,N7542
unfavorable,N,N7543
unfavorably,N,N7544
unfeeling,N,N7545
unfinished,N,N7546
unfit,N,N7547
unforeseen,N,N7548
unforgiving,N,N7549
unforgivingly,N,N7550
unfortunate,N,N7551
unfortunately,N,N7552
unfounded,N,N7553
unfriendly,N,N7554
unfulfilled,N,N7555
unfunded,N,N7556
unglued,N,N7557
ungovernable,N,N7558
ungovernably,N,N7559
ungrateful,N,N7560
ungratefully,N,N7561
unhappily,N,N7562
unhappiness,N,N7563
unhappy,N,N7564
unhealthy,N,N7565
unhelpful,N,N7566
unhelpfully,N,N7567
unhinged,N,N7568
unilateralism,N,N7569
unimaginable,N,N7570
unimaginably,N,N7571
unimportant,N,N7572
unimportantly,N,N7573
uninformed,N,N7574
uninsured,N,N7575
unintelligible,N,N7576
unintelligibly,N,N7577
uninterested,N,N7578
unipolar,N,N7579
unjust,N,N7580
unjustifiable,N,N7581
unjustifiably,N,N7582
unjustified,N,N7583
unjustly,N,N7584
unkind,N,N7585
unkindly,N,N7586
unknown,N,N7587
unlamentable,N,N7588
unlamentably,N,N7589
unlawful,N,N7590
unlawfully,N,N7591
unlawfulness,N,N7592
unleash,N,N7593
unleashes,N,N7594
unleashing,N,N7595
unleashed,N,N7596
unlicensed,N,N7597
unlikely,N,N7598
unlucky,N,N7599
unluckier,N,N7600
unluckiest,N,N7601
unluckily,N,N7602
unmoved,N,N7603
unnatural,N,N7604
unnaturally,N,N7605
unnecessary,N,N7606
unnecessarily,N,N7607
unneeded,N,N7608
unnerve,N,N7609
unnerves,N,N7610
unnerved,N,N7611
unnerving,N,N7612
unnervingly,N,N7613
unnoticed,N,N7614
unobserved,N,N7615
unorthodox,N,N7616
unorthodoxy,N,N7617
unpleasant,N,N7618
unpleasantly,N,N7619
unpleasantries,N,N7620
unpopular,N,N7621
unpopularly,N,N7622
unpredictable,N,N7623
unpredicably,N,N7624
unprepared,N,N7625
unproductive,N,N7626
unproductively,N,N7627
unprofitable,N,N7628
unprofitably,N,N7629
unprove,N,N7630
unproved,N,N7631
unproven,N,N7632
unproves,N,N7633
unproving,N,N7634
unqualified,N,N7635
unravel,N,N7636
unravels,N,N7637
unraveling,N,N7638
unraveled,N,N7639
unreachable,N,N7640
unreadable,N,N7641
unrealistic,N,N7642
unrealistically,N,N7643
unreasonable,N,N7644
unreasonably,N,N7645
unrelenting,N,N7646
unrelentingly,N,N7647
unreliability,N,N7648
unreliable,N,N7649
unreliably,N,N7650
unresolved,N,N7651
unresponsive,N,N7652
unresponsively,N,N7653
unrest,N,N7654
unrivaled,N,N7655
unruly,N,N7656
unsafe,N,N7657
unsatisfactory,N,N7658
unsavory,N,N7659
unscrupulous,N,N7660
unscrupulously,N,N7661
unsecure,N,N7662
unseemly,N,N7663
unsettle,N,N7664
unsettles,N,N7665
unsettled,N,N7666
unsettling,N,N7667
unsettlingly,N,N7668
unskilled,N,N7669
unsophisticated,N,N7670
unsound,N,N7671
unspeakable,N,N7672
unspeakably,N,N7673
unspecified,N,N7674
unstable,N,N7675
unsteadily,N,N7676
unsteadiness,N,N7677
unsteady,N,N7678
unstoppable,N,N7679
unstoppably,N,N7680
unsuccessful,N,N7681
unsuccessfully,N,N7682
unsupported,N,N7683
unsupportive,N,N7684
unsupportively,N,N7685
unsure,N,N7686
unsuspecting,N,N7687
unsustainable,N,N7688
unsustainably,N,N7689
untenable,N,N7690
untenably,N,N7691
untested,N,N7692
unthinkable,N,N7693
unthinkably,N,N7694
untimely,N,N7695
untrue,N,N7696
untrustworthy,N,N7697
untruthful,N,N7698
untruthfully,N,N7699
unusable,N,N7700
unusably,N,N7701
unusual,N,N7702
unusually,N,N7703
unviewable,N,N7704
unwanted,N,N7705
unwarranted,N,N7706
unwatchable,N,N7707
unwelcome,N,N7708
unwell,N,N7709
unwieldy,N,N7710
unwilling,N,N7711
unwillingly,N,N7712
unwillingness,N,N7713
unwise,N,N7714
unwisely,N,N7715
unworkable,N,N7716
unworthy,N,N7717
unyielding,N,N7718
unyieldingly,N,N7719
upbraid,N,N7720
upbraids,N,N7721
upbraiding,N,N7722
upbraided,N,N7723
upheaval,N,N7724
uprising,N,N7725
uprisings,N,N7726
uproar,N,N7727
uproarious,N,N7728
uproariously,N,N7729
uproot,N,N7730
uproots,N,N7731
uprooting,N,N7732
uprooted,N,N7733
upset,N,N7734
upsets,N,N7735
upsetting,N,N7736
upsettingly,N,N7737
urgent,N,N7738
urgently,N,N7739
useless,N,N7740
uselessly,N,N7741
usurp,N,N7742
usurps,N,N7743
usurping,N,N7744
usurped,N,N7745
usurper,N,N7746
usurpers,N,N7747
vagrant,N,N7748
vagrants,N,N7749
vain,N,N7750
vainly,N,N7751
vanity,N,N7752
vehement,N,N7753
vehemently,N,N7754
vengeance,N,N7755
vengeful,N,N7756
vengefully,N,N7757
vengefulness,N,N7758
venom,N,N7759
venomous,N,N7760
venomously,N,N7761
vent,N,N7762
vents,N,N7763
venting,N,N7764
vented,N,N7765
vermin,N,N7766
vestige,N,N7767
vestiges,N,N7768
vex,N,N7769
vexes,N,N7770
vexed,N,N7771
vexation,N,N7772
vexations,N,N7773
vexing,N,N7774
vexingly,N,N7775
vice,N,N7776
vices,N,N7777
vicious,N,N7778
viciously,N,N7779
viciousness,N,N7780
victimize,N,N7781
victimizes,N,N7782
victimizing,N,N7783
victimized,N,N7784
vile,N,N7785
viler,N,N7786
vilest,N,N7787
vilely,N,N7788
vileness,N,N7789
vilify,N,N7790
vilifies,N,N7791
vilifying,N,N7792
vilified,N,N7793
villain,N,N7794
villainous,N,N7795
villainously,N,N7796
villains,N,N7797
vindictive,N,N7798
vindictively,N,N7799
vindictiveness,N,N7800
violate,N,N7801
violates,N,N7802
violating,N,N7803
violated,N,N7804
violation,N,N7805
violations,N,N7806
violator,N,N7807
violators,N,N7808
violent,N,N7809
violently,N,N7810
viper,N,N7811
vipers,N,N7812
virulence,N,N7813
virulent,N,N7814
virulently,N,N7815
virus,N,N7816
viruses,N,N7817
vitriol,N,N7818
vociferous,N,N7819
vociferously,N,N7820
volatile,N,N7821
volatility,N,N7822
vomit,N,N7823
vomited,N,N7824
vomiting,N,N7825
vomits,N,N7826
vote_any_way_they're_told,N,N7827
vulgar,N,N7828
vulgarly,N,N7829
vulnerable,N,N7830
vulnerably,N,N7831
wack,N,N7832
wail,N,N7833
wails,N,N7834
wailing,N,N7835
wailed,N,N7836
wallow,N,N7837
wallows,N,N7838
wallowing,N,N7839
wallowed,N,N7840
wane,N,N7841
wanes,N,N7842
waning,N,N7843
waned,N,N7844
wanton,N,N7845
war,N,N7846
wars,N,N7847
warily,N,N7848
wariness,N,N7849
warlike,N,N7850
warn,N,N7851
warns,N,N7852
warned,N,N7853
warning,N,N7854
warp,N,N7855
warps,N,N7856
warping,N,N7857
warped,N,N7858
wary,N,N7859
washed-out,N,N7860
waste,N,N7861
wastes,N,N7862
wasted,N,N7863
wasteful,N,N7864
wastefully,N,N7865
wastefulness,N,N7866
wasting,N,N7867
water-down,N,N7868
watered-down,N,N7869
wayward,N,N7870
weak,N,N7871
weakest,N,N7872
weaken,N,N7873
weakens,N,N7874
weakening,N,N7875
weakened,N,N7876
weaker,N,N7877
weakness,N,N7878
weaknesses,N,N7879
weariness,N,N7880
wearisome,N,N7881
weary,N,N7882
wearily,N,N7883
wedge,N,N7884
wedges,N,N7885
wedging,N,N7886
wedged,N,N7887
weed,N,N7888
weep,N,N7889
weeps,N,N7890
weeping,N,N7891
weeped,N,N7892
weird,N,N7893
weirdly,N,N7894
weirdness,N,N7895
well-coached,N,N7896
wheedle,N,N7897
wheedles,N,N7898
wheedling,N,N7899
wheedled,N,N7900
whimper,N,N7901
whimpers,N,N7902
whimpering,N,N7903
whimpered,N,N7904
whine,N,N7905
whines,N,N7906
whining,N,N7907
whined,N,N7908
whiny,N,N7909
whinier,N,N7910
whiniest,N,N7911
whip,N,N7912
whips,N,N7913
whipping,N,N7914
whipped,N,N7915
whore,N,N7916
whores,N,N7917
wicked,N,N7918
wickedly,N,N7919
wickedness,N,N7920
wild,N,N7921
wilder,N,N7922
wildest,N,N7923
wildly,N,N7924
wiles,N,N7925
wilt,N,N7926
wilts,N,N7927
wilting,N,N7928
wilted,N,N7929
wily,N,N7930
wilier,N,N7931
wiliest,N,N7932
wilily,N,N7933
wimpy,N,N7934
wimpier,N,N7935
wimpiest,N,N7936
wince,N,N7937
winces,N,N7938
wincing,N,N7939
winced,N,N7940
witch_hunt,N,N7941
wobble,N,N7942
wobbled,N,N7943
wobbles,N,N7944
wobbling,N,N7945
woe,N,N7946
woes,N,N7947
woebegone,N,N7948
woeful,N,N7949
woefully,N,N7950
womanizer,N,N7951
womanizers,N,N7952
womanize,N,N7953
womanizes,N,N7954
womanizing,N,N7955
womanized,N,N7956
worm,N,N7957
worms,N,N7958
worn,N,N7959
worried,N,N7960
worriedly,N,N7961
worrier,N,N7962
worriers,N,N7963
worries,N,N7964
worrisome,N,N7965
worry,N,N7966
worrying,N,N7967
worryingly,N,N7968
worse,N,N7969
worsen,N,N7970
worsens,N,N7971
worsening,N,N7972
worsened,N,N7973
worst,N,N7974
worthless,N,N7975
worthlessly,N,N7976
worthlessness,N,N7977
wound,N,N7978
wounds,N,N7979
wounding,N,N7980
wounded,N,N7981
wrangle,N,N7982
wrangles,N,N7983
wrangling,N,N7984
wrangled,N,N7985
wrath,N,N7986
wreak,N,N7987
wreaking,N,N7988
wreaked,N,N7989
wreaks,N,N7990
wreck,N,N7991
wrecks,N,N7992
wrecking,N,N7993
wrecked,N,N7994
wrest,N,N7995
wrests,N,N7996
wresting,N,N7997
wrested,N,N7998
wrestle,N,N7999
wrestles,N,N8000
wrestling,N,N8001
wrestled,N,N8002
wretch,N,N8003
wretches,N,N8004
wretched,N,N8005
wretchedly,N,N8006
wretchedness,N,N8007
wring,N,N8008
wrings,N,N8009
wringing,N,N8010
wrung,N,N8011
wrinkle,N,N8012
wrinkling,N,N8013
wrinkled,N,N8014
wrinkles,N,N8015
writhe,N,N8016
writhes,N,N8017
writhing,N,N8018
writhed,N,N8019
bullcrap,N,N8020
wrong,N,N8021
wrongful,N,N8022
wrongfully,N,N8023
wrongly,N,N8024
wrought,N,N8025
yawn,N,N8026
yawns,N,N8027
yawning,N,N8028
yawned,N,N8029
zap,N,N8030
zapping,N,N8031
zapped,N,N8032
zaps,N,N8033
zealot,N,N8034
zealots,N,N8035
zealous,N,N8036
zealously,N,N8037
zombie,N,N8038
zombies,N,N8039
false,N,N8040
unapologetic,N,N8041
unapologetically,N,N8042
nazi,N,N8043
nazis,N,N8044
"blood libel
",N,N8045
"Clannish
",N,N8046
"conspiracy theory
",N,N8047
conspiracy,N,N8048
Control,N,N8049
"cosmopolitan elite
",N,N8050
Creatures,N,N8051
Deicide,N,N8052
"dual loyalty
",N,N8053
"Gaslighting
",N,N8054
Globalist,N,N8055
Intifada,N,N8056
"The Goyim Know
",N,N8057
"Great Replacement
",N,N8058
"Holocaust denial/distortion
",N,N8059
Holohoax,N,N8060
Illuminati,N,N8061
Judas,N,N8062
"Khazars
",N,N8063
Kike,N,N8064
"kosher tax
",N,N8065
"laughing Jew
",N,N8066
"New World Order
",N,N8067
"Pepe the frog
",N,N8068
Philosemitism,N,N8069
"poisoning the well
",N,N8070
"Protocols of the Elders of Zion
",N,N8071
"puppet master
",N,N8072
abundantly,P,P8073
abundance,P,P8074
accept,P,P8075
accepts,P,P8076
accepting,P,P8077
accepted,P,P8078
acceptable,P,P8079
acceptably,P,P8080
acclaim,P,P8081
acclaimed,P,P8082
accomplish,P,P8083
accomplishes,P,P8084
accomplishing,P,P8085
accomplished,P,P8086
ace,P,P8087
aces,P,P8088
acing,P,P8089
aced,P,P8090
accord,P,P8091
accords,P,P8092
according,P,P8093
accorded,P,P8094
achieve,P,P8095
achieves,P,P8096
achieving,P,P8097
achieved,P,P8098
achievement,P,P8099
achievements,P,P8100
achievable,P,P8101
achievably,P,P8102
accolade,P,P8103
accolades,P,P8104
adept,P,P8105
adeptly,P,P8106
admirable,P,P8107
admirably,P,P8108
admire,P,P8109
admires,P,P8110
admiring,P,P8111
admired,P,P8112
adorable,P,P8113
adorableness,P,P8114
adorably,P,P8115
adore,P,P8116
adored,P,P8117
adoring,P,P8118
adorer,P,P8119
adorers,P,P8120
adventurous,P,P8121
adventurously,P,P8122
adventurousness,P,P8123
affable,P,P8124
affably,P,P8125
affability,P,P8126
affectionate,P,P8127
affection,P,P8128
affectionately,P,P8129
affirm,P,P8130
affirms,P,P8131
affirming,P,P8132
affirmed,P,P8133
affirmation,P,P8134
affirmations,P,P8135
agreeable,P,P8136
agreeably,P,P8137
agree,P,P8138
agreed,P,P8139
agreeing,P,P8140
agrees,P,P8141
aid,P,P8142
aids,P,P8143
aiding,P,P8144
aided,P,P8145
alacrity,P,P8146
altruistic,P,P8147
altruistically,P,P8148
altruist,P,P8149
amazing,P,P8150
amaze,P,P8151
amazes,P,P8152
amazed,P,P8153
ambitious,P,P8154
ambitiously,P,P8155
amiable,P,P8156
amiably,P,P8157
amicable,P,P8158
amicably,P,P8159
amity,P,P8160
amusing,P,P8161
amusingly,P,P8162
amuse,P,P8163
amuses,P,P8164
amused,P,P8165
angelic,P,P8166
angelical,P,P8167
angelically,P,P8168
angel,P,P8169
angels,P,P8170
appealing,P,P8171
appealingly,P,P8172
appeal,P,P8173
appeals,P,P8174
appealed,P,P8175
applaud,P,P8176
applauds,P,P8177
applauding,P,P8178
applauded,P,P8179
applause,P,P8180
appreciated,P,P8181
appreciate,P,P8182
appreciating,P,P8183
appreciates,P,P8184
appreciative,P,P8185
appreciation,P,P8186
appreciatively,P,P8187
approve,P,P8188
approves,P,P8189
approving,P,P8190
approved,P,P8191
approvingly,P,P8192
approval,P,P8193
ascend,P,P8194
ascends,P,P8195
ascending,P,P8196
ascended,P,P8197
ascendingly,P,P8198
aspire,P,P8199
aspires,P,P8200
aspiring,P,P8201
aspired,P,P8202
aspiration,P,P8203
aspirations,P,P8204
assent,P,P8205
assents,P,P8206
assenting,P,P8207
assented,P,P8208
assist,P,P8209
assists,P,P8210
assisting,P,P8211
assisted,P,P8212
assistingly,P,P8213
assure,P,P8214
assures,P,P8215
assuring,P,P8216
assured,P,P8217
assurance,P,P8218
assurances,P,P8219
attains,P,P8220
attain,P,P8221
attaining,P,P8222
attained,P,P8223
attainment,P,P8224
attentive,P,P8225
attentively,P,P8226
attest,P,P8227
attests,P,P8228
attesting,P,P8229
attested,P,P8230
attraction,P,P8231
attract,P,P8232
attracts,P,P8233
attracting,P,P8234
attracted,P,P8235
attractive,P,P8236
attractively,P,P8237
attune,P,P8238
attunes,P,P8239
attuning,P,P8240
attuned,P,P8241
auspicious,P,P8242
auspiciously,P,P8243
authentic,P,P8244
authentically,P,P8245
avid,P,P8246
avidly,P,P8247
award,P,P8248
awards,P,P8249
awarding,P,P8250
awarded,P,P8251
awesome,P,P8252
awesomely,P,P8253
balanced,P,P8254
balance,P,P8255
beatific,P,P8256
beatifically,P,P8257
beatify,P,P8258
beatifies,P,P8259
beatifying,P,P8260
beatified,P,P8261
beatitude,P,P8262
beautiful,P,P8263
beautifully,P,P8264
beauty,P,P8265
beautify,P,P8266
beautifies,P,P8267
beautifying,P,P8268
beautified,P,P8269
befriend,P,P8270
befriends,P,P8271
befriending,P,P8272
befriended,P,P8273
believe,P,P8274
believes,P,P8275
believing,P,P8276
believed,P,P8277
belief,P,P8278
believer,P,P8279
believers,P,P8280
beloved,P,P8281
benefit,P,P8282
benefits,P,P8283
benefitting,P,P8284
benefitted,P,P8285
benefaction,P,P8286
beneficial,P,P8287
beneficially,P,P8288
benevolent,P,P8289
benevolently,P,P8290
best,P,P8291
bestow,P,P8292
bestows,P,P8293
bestowing,P,P8294
bestowed,P,P8295
better,P,P8296
betterment,P,P8297
blessed,P,P8298
blessing,P,P8299
bless,P,P8300
blesses,P,P8301
bliss,P,P8302
blissful,P,P8303
blithe,P,P8304
blithely,P,P8305
blitheful,P,P8306
blithfully,P,P8307
blithesome,P,P8308
bloom,P,P8309
blooms,P,P8310
blooming,P,P8311
bloomed,P,P8312
blossom,P,P8313
blossoms,P,P8314
blossoming,P,P8315
blossomed,P,P8316
bold,P,P8317
boldly,P,P8318
bolder,P,P8319
boldest,P,P8320
bona_fide,P,P8321
bonanza,P,P8322
bonus,P,P8323
bonuses,P,P8324
boost,P,P8325
boosts,P,P8326
boosting,P,P8327
boosted,P,P8328
bountiful,P,P8329
bountifully,P,P8330
bounty,P,P8331
bounties,P,P8332
brave,P,P8333
bravery,P,P8334
braver,P,P8335
bravest,P,P8336
breathtaking,P,P8337
breathtakingly,P,P8338
bright,P,P8339
brighter,P,P8340
brightest,P,P8341
brighten,P,P8342
brightens,P,P8343
brightening,P,P8344
brightened,P,P8345
brilliant,P,P8346
brilliantly,P,P8347
broad-minded,P,P8348
broad-mindedly,P,P8349
bubbly,P,P8350
bubblier,P,P8351
bubbliest,P,P8352
bud,P,P8353
buds,P,P8354
budding,P,P8355
budded,P,P8356
buddy,P,P8357
buddies,P,P8358
capable,P,P8359
capably,P,P8360
careful,P,P8361
carefully,P,P8362
caring,P,P8363
celebrate,P,P8364
celebrates,P,P8365
celebrating,P,P8366
celebrated,P,P8367
celebration,P,P8368
celebrations,P,P8369
celebratory,P,P8370
centered,P,P8371
champion,P,P8372
champions,P,P8373
charismatic,P,P8374
charitable,P,P8375
charitably,P,P8376
charming,P,P8377
charmingly,P,P8378
cheerful,P,P8379
cheerfully,P,P8380
cherished,P,P8381
cherish,P,P8382
cherishing,P,P8383
cherishes,P,P8384
classy,P,P8385
classier,P,P8386
classiest,P,P8387
classily,P,P8388
clean,P,P8389
cleaner,P,P8390
cleanest,P,P8391
cleanly,P,P8392
comely,P,P8393
comelier,P,P8394
comeliest,P,P8395
comelily,P,P8396
comfort,P,P8397
comforts,P,P8398
comforting,P,P8399
comfortingly,P,P8400
comforted,P,P8401
comfortable,P,P8402
comfortably,P,P8403
compassionate,P,P8404
compassionately,P,P8405
compliment,P,P8406
compliments,P,P8407
complimenting,P,P8408
complimented,P,P8409
confident,P,P8410
confidently,P,P8411
confidence,P,P8412
confirm,P,P8413
confirms,P,P8414
confirming,P,P8415
confirmed,P,P8416
confirmation,P,P8417
confirmations,P,P8418
congenial,P,P8419
congenially,P,P8420
congratulate,P,P8421
congratulates,P,P8422
congratulating,P,P8423
congratulated,P,P8424
congratulations,P,P8425
conscientious,P,P8426
conscientiously,P,P8427
considerate,P,P8428
considerately,P,P8429
constructive,P,P8430
constructively,P,P8431
content,P,P8432
contently,P,P8433
contented,P,P8434
contribute,P,P8435
contributes,P,P8436
contributing,P,P8437
contributed,P,P8438
contribution,P,P8439
contributions,P,P8440
convivial,P,P8441
convivially,P,P8442
cool,P,P8443
cooperate,P,P8444
cooperates,P,P8445
cooperating,P,P8446
cooperated,P,P8447
cooperation,P,P8448
cooperative,P,P8449
cooperatively,P,P8450
cordial,P,P8451
cordially,P,P8452
correct,P,P8453
correctly,P,P8454
corrects,P,P8455
correcting,P,P8456
corrected,P,P8457
courageous,P,P8458
courageously,P,P8459
courteous,P,P8460
courteously,P,P8461
creative,P,P8462
creatively,P,P8463
cute,P,P8464
dandy,P,P8465
dazzled,P,P8466
dazzle,P,P8467
dazzling,P,P8468
dazzles,P,P8469
decent,P,P8470
decently,P,P8471
decency,P,P8472
decisive,P,P8473
decisively,P,P8474
dedicated,P,P8475
delectable,P,P8476
delectably,P,P8477
delicious,P,P8478
deliciously,P,P8479
delightful,P,P8480
delightfully,P,P8481
delight,P,P8482
delighted,P,P8483
delights,P,P8484
delighting,P,P8485
desirable,P,P8486
desirably,P,P8487
determined,P,P8488
diligent,P,P8489
diligently,P,P8490
divine,P,P8491
divinely,P,P8492
dreamy,P,P8493
dreamier,P,P8494
dreamiest,P,P8495
dreamily,P,P8496
dynamic,P,P8497
dynamically,P,P8498
eager,P,P8499
eagerly,P,P8500
ease,P,P8501
eases,P,P8502
easing,P,P8503
eased,P,P8504
easy,P,P8505
easily,P,P8506
easier,P,P8507
easiest,P,P8508
easygoing,P,P8509
ecstasy,P,P8510
ecstatic,P,P8511
ecstatically,P,P8512
edify,P,P8513
edifies,P,P8514
edifying,P,P8515
edified,P,P8516
educate,P,P8517
educates,P,P8518
educating,P,P8519
educated,P,P8520
effective,P,P8521
effectively,P,P8522
efficiency,P,P8523
efficient,P,P8524
efficiently,P,P8525
elated,P,P8526
elegant,P,P8527
elegantly,P,P8528
elegance,P,P8529
elevate,P,P8530
elevates,P,P8531
elevating,P,P8532
elevated,P,P8533
empathic,P,P8534
empathically,P,P8535
empathetic,P,P8536
empathetically,P,P8537
empowered,P,P8538
empower,P,P8539
empowers,P,P8540
empowering,P,P8541
enchanted,P,P8542
enchanting,P,P8543
encourage,P,P8544
encourages,P,P8545
encouraging,P,P8546
encouraged,P,P8547
endear,P,P8548
endears,P,P8549
endearing,P,P8550
endeared,P,P8551
endearment,P,P8552
energetic,P,P8553
energized,P,P8554
engage,P,P8555
engages,P,P8556
engaging,P,P8557
engaged,P,P8558
enhance,P,P8559
enhances,P,P8560
enhancing,P,P8561
enhanced,P,P8562
enjoy,P,P8563
enjoys,P,P8564
enjoying,P,P8565
enjoyed,P,P8566
enjoyable,P,P8567
enjoyably,P,P8568
enlightened,P,P8569
enlighten,P,P8570
enlightening,P,P8571
enlightens,P,P8572
enlivened,P,P8573
enlivening,P,P8574
enliven,P,P8575
enlivens,P,P8576
enrapture,P,P8577
enraptures,P,P8578
enrapturing,P,P8579
enraptured,P,P8580
enrich,P,P8581
enriches,P,P8582
enriching,P,P8583
enriched,P,P8584
entertain,P,P8585
entertains,P,P8586
entertaining,P,P8587
entertained,P,P8588
entertainment,P,P8589
enthuse,P,P8590
enthuses,P,P8591
enthusing,P,P8592
enthused,P,P8593
enthusiastic,P,P8594
enthusiastically,P,P8595
enthusiasm,P,P8596
erudite,P,P8597
eruditely,P,P8598
especial,P,P8599
especially,P,P8600
esteem,P,P8601
esteems,P,P8602
esteeming,P,P8603
esteemed,P,P8604
ethical,P,P8605
ethically,P,P8606
euphony,P,P8607
euphonies,P,P8608
euphoria,P,P8609
exalt,P,P8610
exalts,P,P8611
exalting,P,P8612
exalted,P,P8613
excel,P,P8614
excels,P,P8615
excelling,P,P8616
excelled,P,P8617
excellent,P,P8618
excellence,P,P8619
excite,P,P8620
excites,P,P8621
exciting,P,P8622
excited,P,P8623
exhilarated,P,P8624
exhilarate,P,P8625
exhilarates,P,P8626
exhilarating,P,P8627
exquisite,P,P8628
exquisitely,P,P8629
extraordinary,P,P8630
extraordinarily,P,P8631
exuberant,P,P8632
exuberantly,P,P8633
exult,P,P8634
exults,P,P8635
exulting,P,P8636
exulted,P,P8637
fabulous,P,P8638
fabulously,P,P8639
fair,P,P8640
fairly,P,P8641
fair-minded,P,P8642
faithful,P,P8643
faithfully,P,P8644
fancy,P,P8645
fancier,P,P8646
fanciest,P,P8647
fantastic,P,P8648
fantastically,P,P8649
favorable,P,P8650
favorably,P,P8651
favor,P,P8652
favors,P,P8653
favorite,P,P8654
fearless,P,P8655
fearlessly,P,P8656
felicity,P,P8657
fellowship,P,P8658
fellowships,P,P8659
festive,P,P8660
festively,P,P8661
fetching,P,P8662
flourished,P,P8663
flourish,P,P8664
flourishing,P,P8665
flourishes,P,P8666
fond,P,P8667
fondly,P,P8668
forgive,P,P8669
forgives,P,P8670
forgiving,P,P8671
forgave,P,P8672
forgiveness,P,P8673
fortuitous,P,P8674
fortuitously,P,P8675
free-spirited,P,P8676
friendly,P,P8677
friendlier,P,P8678
friendliest,P,P8679
friend,P,P8680
friends,P,P8681
friendship,P,P8682
fruitful,P,P8683
fruitfully,P,P8684
fun,P,P8685
funny,P,P8686
funnier,P,P8687
funniest,P,P8688
gallant,P,P8689
gallantly,P,P8690
galore,P,P8691
generous,P,P8692
generously,P,P8693
generosity,P,P8694
genial,P,P8695
genially,P,P8696
genius,P,P8697
geniuses,P,P8698
gentle,P,P8699
gently,P,P8700
genuine,P,P8701
genuinely,P,P8702
gift,P,P8703
gifts,P,P8704
gifting,P,P8705
gifted,P,P8706
giggle,P,P8707
giggles,P,P8708
giggled,P,P8709
giggling,P,P8710
give,P,P8711
gives,P,P8712
giving,P,P8713
gave,P,P8714
giver,P,P8715
glad,P,P8716
gladly,P,P8717
glory,P,P8718
glorious,P,P8719
gloriously,P,P8720
glowing,P,P8721
goddess,P,P8722
goddesses,P,P8723
good,P,P8724
goodness,P,P8725
goodwill,P,P8726
gorgeous,P,P8727
gorgeously,P,P8728
graces,P,P8729
grace,P,P8730
gracing,P,P8731
graced,P,P8732
graceful,P,P8733
gracefully,P,P8734
gracious,P,P8735
graciously,P,P8736
grand,P,P8737
grandly,P,P8738
grander,P,P8739
grandest,P,P8740
grandeur,P,P8741
grateful,P,P8742
gratefully,P,P8743
gratify,P,P8744
gratifies,P,P8745
gratifying,P,P8746
gratified,P,P8747
gratitude,P,P8748
great,P,P8749
greater,P,P8750
greatest,P,P8751
greatly,P,P8752
greet,P,P8753
greets,P,P8754
greeting,P,P8755
greeted,P,P8756
gregarious,P,P8757
gregariously,P,P8758
happy,P,P8759
happily,P,P8760
happier,P,P8761
happiest,P,P8762
hard-working,P,P8763
harmonious,P,P8764
harmoniously,P,P8765
harmony,P,P8766
heartwarming,P,P8767
heartwarmingly,P,P8768
heaven,P,P8769
heavenly,P,P8770
help,P,P8771
helps,P,P8772
helping,P,P8773
helped,P,P8774
helpful,P,P8775
helpfully,P,P8776
helpfulness,P,P8777
high-spirited,P,P8778
hilarious,P,P8779
hilariously,P,P8780
hip,P,P8781
holy,P,P8782
honest,P,P8783
honesty,P,P8784
hopeful,P,P8785
hopefully,P,P8786
hopefulness,P,P8787
hospitable,P,P8788
hospitably,P,P8789
hospitality,P,P8790
humane,P,P8791
humanely,P,P8792
humanitarian,P,P8793
humanitarians,P,P8794
humorous,P,P8795
humorously,P,P8796
ideal,P,P8797
ideally,P,P8798
illuminated,P,P8799
illuminate,P,P8800
illuminating,P,P8801
illuminates,P,P8802
imaginative,P,P8803
imaginatively,P,P8804
impeccable,P,P8805
impeccably,P,P8806
impress,P,P8807
impresses,P,P8808
impressing,P,P8809
impressed,P,P8810
impressive,P,P8811
impressively,P,P8812
improve,P,P8813
improves,P,P8814
improving,P,P8815
improved,P,P8816
improvement,P,P8817
improvements,P,P8818
incredible,P,P8819
incredibly,P,P8820
ingenious,P,P8821
ingeniously,P,P8822
ingenuity,P,P8823
innovative,P,P8824
inspirational,P,P8825
inspired,P,P8826
inspire,P,P8827
inspiring,P,P8828
inspires,P,P8829
intelligent,P,P8830
intelligently,P,P8831
intuitive,P,P8832
intuitively,P,P8833
inventive,P,P8834
invigorated,P,P8835
invigorate,P,P8836
invigorating,P,P8837
invigorates,P,P8838
invite,P,P8839
invites,P,P8840
inviting,P,P8841
invited,P,P8842
invitation,P,P8843
invitations,P,P8844
irresistable,P,P8845
irresistably,P,P8846
jazzed,P,P8847
jolly,P,P8848
jovial,P,P8849
jovially,P,P8850
joy,P,P8851
joyful,P,P8852
joyfully,P,P8853
joyous,P,P8854
joyously,P,P8855
jubilant,P,P8856
jubilantly,P,P8857
jubilation,P,P8858
kind-hearted,P,P8859
kind,P,P8860
kinder,P,P8861
kindest,P,P8862
kindly,P,P8863
knowledgeable,P,P8864
lavish,P,P8865
lavishly,P,P8866
liberate,P,P8867
liberates,P,P8868
liberating,P,P8869
liberated,P,P8870
liberation,P,P8871
light,P,P8872
lighten,P,P8873
lightens,P,P8874
lightening,P,P8875
lightened,P,P8876
light-hearted,P,P8877
like,P,P8878
likes,P,P8879
liking,P,P8880
liked,P,P8881
likable,P,P8882
likably,P,P8883
lively,P,P8884
livelier,P,P8885
liveliest,P,P8886
lovable,P,P8887
lovably,P,P8888
loved,P,P8889
lovely,P,P8890
loving,P,P8891
love,P,P8892
loves,P,P8893
loyal,P,P8894
loyally,P,P8895
lucky,P,P8896
luminous,P,P8897
luminously,P,P8898
luscious,P,P8899
lusciously,P,P8900
lustrous,P,P8901
lustrously,P,P8902
luxurious,P,P8903
luxuriant,P,P8904
luxuriously,P,P8905
luxuriantly,P,P8906
luxuriate,P,P8907
luxuriates,P,P8908
luxuriating,P,P8909
luxuriated,P,P8910
luxury,P,P8911
luxuries,P,P8912
magical,P,P8913
magnificent,P,P8914
magnificently,P,P8915
majesty,P,P8916
majestic,P,P8917
marvelous,P,P8918
marvelously,P,P8919
mediate,P,P8920
mediates,P,P8921
mediating,P,P8922
mediated,P,P8923
memorable,P,P8924
memorably,P,P8925
merciful,P,P8926
mercifully,P,P8927
mind-blowing,P,P8928
mindful,P,P8929
mindfully,P,P8930
miracle,P,P8931
miracles,P,P8932
miraculous,P,P8933
miraculously,P,P8934
mirthful,P,P8935
mirthfully,P,P8936
modest,P,P8937
modestly,P,P8938
modesty,P,P8939
motivate,P,P8940
motivates,P,P8941
motivating,P,P8942
motivated,P,P8943
motivation,P,P8944
neat,P,P8945
neatly,P,P8946
nice,P,P8947
nicer,P,P8948
nicest,P,P8949
nicety,P,P8950
nifty,P,P8951
niftier,P,P8952
niftiest,P,P8953
nirvana,P,P8954
noble,P,P8955
nobler,P,P8956
noblest,P,P8957
notable,P,P8958
notably,P,P8959
nourish,P,P8960
nourishes,P,P8961
nourished,P,P8962
nourishing,P,P8963
nurture,P,P8964
nurtures,P,P8965
nurturing,P,P8966
nurtured,P,P8967
open-hearted,P,P8968
open-minded,P,P8969
opportune,P,P8970
opportunely,P,P8971
optimistic,P,P8972
optimistically,P,P8973
optimist,P,P8974
optimists,P,P8975
optimism,P,P8976
outstanding,P,P8977
pacify,P,P8978
pacifies,P,P8979
pacifying,P,P8980
pacified,P,P8981
palatable,P,P8982
palatably,P,P8983
paradise,P,P8984
paragon,P,P8985
paragons,P,P8986
passionate,P,P8987
passionately,P,P8988
patient,P,P8989
patiently,P,P8990
patience,P,P8991
peace,P,P8992
peaceable,P,P8993
peaceably,P,P8994
peaceful,P,P8995
peacefully,P,P8996
peacefulness,P,P8997
perfect,P,P8998
perfectly,P,P8999
perfection,P,P9000
persistent,P,P9001
persistently,P,P9002
pioneering,P,P9003
placid,P,P9004
placidly,P,P9005
playful,P,P9006
playfully,P,P9007
pleasant,P,P9008
pleasantly,P,P9009
pleasantry,P,P9010
pleasantries,P,P9011
please,P,P9012
pleases,P,P9013
pleasing,P,P9014
pleasingly,P,P9015
pleased,P,P9016
pleasurable,P,P9017
pleasurably,P,P9018
pleasure,P,P9019
pleasures,P,P9020
plenitude,P,P9021
plucky,P,P9022
pluckier,P,P9023
pluckiest,P,P9024
pluckily,P,P9025
polite,P,P9026
politely,P,P9027
positive,P,P9028
positively,P,P9029
practical,P,P9030
praise,P,P9031
praises,P,P9032
praising,P,P9033
praised,P,P9034
precious,P,P9035
preciously,P,P9036
prize,P,P9037
prizes,P,P9038
prizing,P,P9039
prized,P,P9040
proactive,P,P9041
proactively,P,P9042
proficient,P,P9043
proficiently,P,P9044
propitious,P,P9045
propitiously,P,P9046
prosperous,P,P9047
prosperously,P,P9048
prosper,P,P9049
prospers,P,P9050
prospering,P,P9051
prospered,P,P9052
pure,P,P9053
purely,P,P9054
purity,P,P9055
quick-witted,P,P9056
radiant,P,P9057
radiantly,P,P9058
rational,P,P9059
rationally,P,P9060
rationality,P,P9061
receptive,P,P9062
receptively,P,P9063
recommend,P,P9064
recommends,P,P9065
recommending,P,P9066
recommended,P,P9067
refreshed,P,P9068
refreshing,P,P9069
refreshingly,P,P9070
rejuvenated,P,P9071
rejuvenating,P,P9072
rejuvenate,P,P9073
rejuvenates,P,P9074
relaxed,P,P9075
reliable,P,P9076
reliably,P,P9077
reliability,P,P9078
relieved,P,P9079
remarkable,P,P9080
remarkably,P,P9081
remedy,P,P9082
remedies,P,P9083
remediable,P,P9084
remediably,P,P9085
reputable,P,P9086
reputably,P,P9087
resilient,P,P9088
resiliently,P,P9089
resourceful,P,P9090
resourcefully,P,P9091
respect,P,P9092
respects,P,P9093
respecting,P,P9094
respected,P,P9095
respectful,P,P9096
respectfully,P,P9097
reward,P,P9098
rewards,P,P9099
rewarding,P,P9100
rewarded,P,P9101
sacred,P,P9102
sacredly,P,P9103
sacrosanct,P,P9104
safe,P,P9105
safely,P,P9106
salubrious,P,P9107
salubriously,P,P9108
satisfied,P,P9109
satisfaction,P,P9110
satisfactory,P,P9111
satisfactorily,P,P9112
satisfy,P,P9113
satisfies,P,P9114
satisfying,P,P9115
savior,P,P9116
saviors,P,P9117
self-confident,P,P9118
self-confidence,P,P9119
self-esteem,P,P9120
sensational,P,P9121
sensationally,P,P9122
sensible,P,P9123
sensibly,P,P9124
serene,P,P9125
serenely,P,P9126
serenity,P,P9127
shining,P,P9128
share,P,P9129
shares,P,P9130
sharing,P,P9131
shared,P,P9132
sincere,P,P9133
sincerely,P,P9134
smart,P,P9135
smarter,P,P9136
smartest,P,P9137
smile,P,P9138
smiles,P,P9139
smiling,P,P9140
smiled,P,P9141
sociable,P,P9142
sociably,P,P9143
soulful,P,P9144
soulfully,P,P9145
spectacular,P,P9146
spectacularly,P,P9147
splendid,P,P9148
splendidly,P,P9149
splendiferous,P,P9150
splendiferously,P,P9151
splendour,P,P9152
splendours,P,P9153
stellar,P,P9154
strong,P,P9155
strongly,P,P9156
strength,P,P9157
strengths,P,P9158
strengthen,P,P9159
strengthens,P,P9160
strengthening,P,P9161
strengthened,P,P9162
stupendous,P,P9163
stupendously,P,P9164
successful,P,P9165
success,P,P9166
successfully,P,P9167
successes,P,P9168
super,P,P9169
support,P,P9170
supports,P,P9171
supporting,P,P9172
supported,P,P9173
supportive,P,P9174
supportively,P,P9175
supportable,P,P9176
supportably,P,P9177
sweet,P,P9178
sweeter,P,P9179
sweetest,P,P9180
sweetly,P,P9181
sympathetic,P,P9182
sympathetically,P,P9183
thankful,P,P9184
thank,P,P9185
thanks,P,P9186
thanking,P,P9187
thanked,P,P9188
thankfully,P,P9189
thoughtful,P,P9190
thoughtfully,P,P9191
thoughtfulness,P,P9192
thrilled,P,P9193
thrill,P,P9194
thrills,P,P9195
thrilling,P,P9196
thriving,P,P9197
thrive,P,P9198
thrived,P,P9199
thrives,P,P9200
tough,P,P9201
tougher,P,P9202
toughest,P,P9203
tranquil,P,P9204
tranquilly,P,P9205
tranquility,P,P9206
triumphant,P,P9207
triumphantly,P,P9208
triumph,P,P9209
triumphs,P,P9210
triumphing,P,P9211
triumphed,P,P9212
trusting,P,P9213
trust,P,P9214
trusted,P,P9215
trusts,P,P9216
trustful,P,P9217
trustfully,P,P9218
understanding,P,P9219
understandingly,P,P9220
understand,P,P9221
understands,P,P9222
understood,P,P9223
upbeat,P,P9224
uplifting,P,P9225
uplifted,P,P9226
uplift,P,P9227
uplifts,P,P9228
validate,P,P9229
validates,P,P9230
validating,P,P9231
validated,P,P9232
valid,P,P9233
validity,P,P9234
validly,P,P9235
valuable,P,P9236
valuably,P,P9237
venerable,P,P9238
venerably,P,P9239
versatile,P,P9240
vibrant,P,P9241
vibrantly,P,P9242
victorious,P,P9243
victoriously,P,P9244
virtue,P,P9245
virtues,P,P9246
virtuous,P,P9247
virtuously,P,P9248
virtuousity,P,P9249
virtuoso,P,P9250
virtuosos,P,P9251
vitality,P,P9252
vivacious,P,P9253
vivaciously,P,P9254
warm,P,P9255
warmly,P,P9256
warmth,P,P9257
welcomed,P,P9258
welcome,P,P9259
welcoming,P,P9260
welcomes,P,P9261
wholehearted,P,P9262
wholeheartedly,P,P9263
wholesome,P,P9264
wholesomely,P,P9265
wisdom,P,P9266
wise,P,P9267
wisely,P,P9268
witty,P,P9269
wonderful,P,P9270
wonderfully,P,P9271
wondrous,P,P9272
wondrously,P,P9273
worthy,P,P9274
worthier,P,P9275
worthiest,P,P9276
zestful,P,P9277
zestfully,P,P9278
normal,P,P9279
normally,P,P9280
presence,P,P9281
present,P,P9282
presently,P,P9283
exonerate,P,P9284
exonerates,P,P9285
exonerating,P,P9286
exonerated,P,P9287
exoneration,P,P9288
exonerations,P,P9289
exoneratingly,P,P9290
ally,P,P9291
allies,P,P9292
alliable,P,P9293
allying,P,P9294
allied,P,P9295
alleviate,P,P9296
alleviates,P,P9297
alleviating,P,P9298
alleviated,P,P9299
alleviation,P,P9300
outgoing,P,P9301
clear,P,P9302
clearly,P,P9303
clarity,P,P9304
rightly,P,P9305
proper,P,P9306
properly,P,P9307
propriety,P,P9308
TRUE,P,P9309
truer,P,P9310
truest,P,P9311
truth,P,P9312
truths,P,P9313
truthful,P,P9314
truthfully,P,P9315
truly,P,P9316
nonanemic,P,P9317
calm,P,P9318
calmly,P,P9319
calmer,P,P9320
calmest,P,P9321
calms,P,P9322
calming,P,P9323
calmed,P,P9324
calmingly,P,P9325
calmness,P,P9326
relief,P,P9327
relieve,P,P9328
relieves,P,P9329
relieving,P,P9330
relieved,P,P9331
unannihilated,P,P9332
unannihilative,P,P9333
unannihilatory,P,P9334
soothe,P,P9335
soothes,P,P9336
soothing,P,P9337
soothed,P,P9338
soother,P,P9339
soothers,P,P9340
protagonist,P,P9341
protagonists,P,P9342
protagonism,P,P9343
pro-american,P,P9344
pro-black,P,P9345
pro-israel,P,P9346
pro-israeli,P,P9347
pro-latino,P,P9348
pro-liberty,P,P9349
pro-military,P,P9350
pro-occupation,P,P9351
pro-proliferation,P,P9352
pro-us,P,P9353
pro-white,P,P9354
unantiquated,P,P9355
apologize,P,P9356
apologizes,P,P9357
apologizing,P,P9358
apologized,P,P9359
apologetic,P,P9360
apologetically,P,P9361
unapprehensive,P,P9362
unapprehensively,P,P9363
nonarbitarily,P,P9364
nonarbitrariness,P,P9365
nonargumentative,P,P9366
nonargumentatively,P,P9367
humility,P,P9368
humble,P,P9369
humbly,P,P9370
humbler,P,P9371
humblest,P,P9372
proud,P,P9373
proudly,P,P9374
prouder,P,P9375
proudest,P,P9376
unaspersed,P,P9377
nonatrophic,P,P9378
defend,P,P9379
defends,P,P9380
defending,P,P9381
defended,P,P9382
defender,P,P9383
defender,P,P9384
defense,P,P9385
defenses,P,P9386
defensible,P,P9387
defensibly,P,P9388
unaustere,P,P9389
unausterely,P,P9390
nonauthoritarian,P,P9391
inclined,P,P9392
incline,P,P9393
inclining,P,P9394
inclines,P,P9395
inclination,P,P9396
forward,P,P9397
cultivate,P,P9398
cultivates,P,P9399
cultivating,P,P9400
cultivated,P,P9401
cultivation,P,P9402
civilized,P,P9403
civilize,P,P9404
civilizes,P,P9405
civilizing,P,P9406
civility,P,P9407
civil,P,P9408
civilly,P,P9409
prove,P,P9410
proves,P,P9411
proving,P,P9412
proved,P,P9413
proven,P,P9414
verify,P,P9415
verifies,P,P9416
verifying,P,P9417
verified,P,P9418
verification,P,P9419
verifications,P,P9420
verifiable,P,P9421
verifiably,P,P9422
impartial,P,P9423
impartially,P,P9424
impartiality,P,P9425
purify,P,P9426
purifies,P,P9427
purifying,P,P9428
purified,P,P9429
purification,P,P9430
repair,P,P9431
repairs,P,P9432
repairing,P,P9433
repaired,P,P9434
reparable,P,P9435
reparably,P,P9436
receptive,P,P9437
receptively,P,P9438
prudent,P,P9439
prudently,P,P9440
prudence,P,P9441
rise,P,P9442
rises,P,P9443
rising,P,P9444
rose,P,P9445
risen,P,P9446
allow,P,P9447
allows,P,P9448
allowing,P,P9449
allowed,P,P9450
approbation,P,P9451
avow,P,P9452
avows,P,P9453
avowing,P,P9454
avowed,P,P9455
compose,P,P9456
composes,P,P9457
composing,P,P9458
composed,P,P9459
concert,P,P9460
concerts,P,P9461
concerting,P,P9462
concerted,P,P9463
connect,P,P9464
connects,P,P9465
connecting,P,P9466
connected,P,P9467
continue,P,P9468
continues,P,P9469
continuing,P,P9470
continued,P,P9471
continuity,P,P9472
continuous,P,P9473
countenance,P,P9474
credit,P,P9475
credits,P,P9476
crediting,P,P9477
credited,P,P9478
ingenuous,P,P9479
ingenuously,P,P9480
unity,P,P9481
unite,P,P9482
unites,P,P9483
uniting,P,P9484
united,P,P9485
value,P,P9486
care,P,P9487
cares,P,P9488
cared,P,P9489
upgrade,P,P9490
upgrades,P,P9491
upgrading,P,P9492
upgraded,P,P9493
uphill,P,P9494
upside,P,P9495
upsides,P,P9496
upturn,P,P9497
upturns,P,P9498
free,P,P9499
frees,P,P9500
freeing,P,P9501
freed,P,P9502
include,P,P9503
includes,P,P9504
including,P,P9505
included,P,P9506
inclusion,P,P9507
heal,P,P9508
heals,P,P9509
healing,P,P9510
healed,P,P9511
skilled,P,P9512
skillful,P,P9513
skillfully,P,P9514
heedful,P,P9515
heedfully,P,P9516
low-priced,P,P9517
well-advised,P,P9518
well-conceived,P,P9519
well-defined,P,P9520
well-designed,P,P9521
well-favored,P,P9522
well-formed,P,P9523
well-mannered,P,P9524
well-sorted,P,P9525
well-treated,P,P9526
well-used,P,P9527
legal,P,P9528
legally,P,P9529
legitimate,P,P9530
licit,P,P9531
literate,P,P9532
logic,P,P9533
logically,P,P9534
logical,P,P9535
logicalness,P,P9536
mature,P,P9537
maturely,P,P9538
mobilized,P,P9539
moderate,P,P9540
moderately,P,P9541
moral,P,P9542
morality,P,P9543
morally,P,P9544
penitent,P,P9545
penitently,P,P9546
permissible,P,P9547
permissibly,P,P9548
personal,P,P9549
personally,P,P9550
piety,P,P9551
pious,P,P9552
piously,P,P9553
placable,P,P9554
placably,P,P9555
plausible,P,P9556
plausibly,P,P9557
politic,P,P9558
politicly,P,P9559
possible,P,P9560
possibility,P,P9561
possibilities,P,P9562
possibly,P,P9563
potent,P,P9564
potently,P,P9565
precise,P,P9566
precisely,P,P9567
precision,P,P9568
probable,P,P9569
probably,P,P9570
probability,P,P9571
probabilities,P,P9572
ability,P,P9573
abilities,P,P9574
accuracy,P,P9575
accuracies,P,P9576
accurate,P,P9577
accurately,P,P9578
adequate,P,P9579
adequately,P,P9580
adequacy,P,P9581
advertent,P,P9582
advertently,P,P9583
advisable,P,P9584
advisably,P,P9585
appropriate,P,P9586
appropriately,P,P9587
apt,P,P9588
aptly,P,P9589
aptitude,P,P9590
articulate,P,P9591
articulately,P,P9592
audible,P,P9593
audibly,P,P9594
cognizant,P,P9595
coherent,P,P9596
coherently,P,P9597
coherence,P,P9598
commensurate,P,P9599
commensurately,P,P9600
compatible,P,P9601
compatibly,P,P9602
compatability,P,P9603
competence,P,P9604
competent,P,P9605
competently,P,P9606
compliant,P,P9607
compliantly,P,P9608
comprehensible,P,P9609
comprehensibly,P,P9610
comprehension,P,P9611
conceivable,P,P9612
conceivably,P,P9613
congruous,P,P9614
congruously,P,P9615
consolable,P,P9616
consolably,P,P9617
corrigible,P,P9618
corrigibly,P,P9619
decorum,P,P9620
dignity,P,P9621
distinguished,P,P9622
distinguishedly,P,P9623
effectual,P,P9624
effectually,P,P9625
effectualness,P,P9626
efficacious,P,P9627
efficaciously,P,P9628
efficacy,P,P9629
eligible,P,P9630
eligibly,P,P9631
eloquent,P,P9632
eloquently,P,P9633
equality,P,P9634
equal,P,P9635
equally,P,P9636
equitable,P,P9637
equitably,P,P9638
equity,P,P9639
essential,P,P9640
experienced,P,P9641
expert,P,P9642
expertly,P,P9643
famous,P,P9644
famously,P,P9645
firm,P,P9646
firmly,P,P9647
judicious,P,P9648
judiciously,P,P9649
justice,P,P9650
sane,P,P9651
saner,P,P9652
sanest,P,P9653
sanely,P,P9654
secure,P,P9655
securely,P,P9656
security,P,P9657
stable,P,P9658
stability,P,P9659
stabler,P,P9660
stablest,P,P9661
stably,P,P9662
substantial,P,P9663
substantially,P,P9664
sufficient,P,P9665
sufficiently,P,P9666
sufficiency,P,P9667
tolerable,P,P9668
tolerably,P,P9669
tolerance,P,P9670
tolerant,P,P9671
tolerantly,P,P9672
reconcilable,P,P9673
reconcilably,P,P9674
reconcile,P,P9675
reconciles,P,P9676
reconciling,P,P9677
reconciled,P,P9678
recover,P,P9679
recovers,P,P9680
recovering,P,P9681
recovered,P,P9682
recoverable,P,P9683
recoverably,P,P9684
recoverableness,P,P9685
redeem,P,P9686
redeems,P,P9687
redeeming,P,P9688
redeemed,P,P9689
redeemable,P,P9690
redeemably,P,P9691
reform,P,P9692
reforms,P,P9693
reforming,P,P9694
reformed,P,P9695
reformable,P,P9696
reformably,P,P9697
reformation,P,P9698
resolute,P,P9699
resolutely,P,P9700
responsible,P,P9701
responsibly,P,P9702
better-known,P,P9703
well-developed,P,P9704
well-known,P,P9705
high-rated,P,P9706
fortunate,P,P9707
fortunately,P,P9708
fortune,P,P9709
fortunes,P,P9710
fan,P,P9711
fans,P,P9712
functional,P,P9713
functionally,P,P9714
protect,P,P9715
protects,P,P9716
protecting,P,P9717
protected,P,P9718
protection,P,P9719
protections,P,P9720
protector,P,P9721
protectors,P,P9722
offer,P,P9723
offers,P,P9724
offering,P,P9725
offered,P,P9726
well_situated,P,P9727
powerful,P,P9728
powerfully,P,P9729
fast,P,P9730
faster,P,P9731
fastest,P,P9732
quick,P,P9733
quicker,P,P9734
quickest,P,P9735
quickly,P,P9736
spirited,P,P9737
overcome,P,P9738
overcomes,P,P9739
overcoming,P,P9740
overcame,P,P9741
accessible,P,P9742
accessibly,P,P9743
constitutional,P,P9744
constitutionally,P,P9745
dependable,P,P9746
dependably,P,P9747
dependability,P,P9748
dignified,P,P9749
justify,P,P9750
justifies,P,P9751
justifying,P,P9752
justified,P,P9753
popular,P,P9754
popularly,P,P9755
popularity,P,P9756
productive,P,P9757
productively,P,P9758
qualified,P,P9759
realistic,P,P9760
realistically,P,P9761
reasonable,P,P9762
reasonably,P,P9763
resolve,P,P9764
resolves,P,P9765
resolving,P,P9766
resolved,P,P9767
resolvable,P,P9768
resolvably,P,P9769
responsive,P,P9770
responsively,P,P9771
savory,P,P9772
savorier,P,P9773
savoriest,P,P9774
savorily,P,P9775
savor,P,P9776
savors,P,P9777
savoring,P,P9778
savored,P,P9779
scrupulous,P,P9780
scrupulously,P,P9781
settle,P,P9782
settles,P,P9783
settling,P,P9784
settled,P,P9785
sophisticated,P,P9786
sophisticatedly,P,P9787
sophistication,P,P9788
steady,P,P9789
steadier,P,P9790
steadiest,P,P9791
steadily,P,P9792
sustainable,P,P9793
sustainably,P,P9794
sustainability,P,P9795
tenable,P,P9796
tenably,P,P9797
trustworthy,P,P9798
trustworthily,P,P9799
trustworthiness,P,P9800
well,P,P9801
useful,P,P9802
usefully,P,P9803
usefulness,P,P9804
hero,P,P9805
heroes,P,P9806
heroic,P,P9807
heroically,P,P9808
heroine,P,P9809
heroines,P,P9810
heroism,P,P9811
"active
",P,P9812
approachable,P,P9813
A+,P,P9814
abound,P,P9815
abounds,P,P9816
abundant,P,P9817
acclamation,P,P9818
accommodative,P,P9819
accomplishment,P,P9820
accomplishments,P,P9821
acumen,P,P9822
adaptable,P,P9823
adaptive,P,P9824
adjustable,P,P9825
admiration,P,P9826
admirer,P,P9827
admiringly,P,P9828
adoringly,P,P9829
adroit,P,P9830
adroitly,P,P9831
adulate,P,P9832
adulation,P,P9833
adulatory,P,P9834
advanced,P,P9835
advantage,P,P9836
advantageous,P,P9837
advantageously,P,P9838
advantages,P,P9839
adventuresome,P,P9840
advocate,P,P9841
advocated,P,P9842
advocates,P,P9843
affinity,P,P9844
affirmative,P,P9845
affluence,P,P9846
affluent,P,P9847
afford,P,P9848
affordable,P,P9849
affordably,P,P9850
agile,P,P9851
agilely,P,P9852
agility,P,P9853
agreeableness,P,P9854
"all-around
",P,P9855
alluring,P,P9856
alluringly,P,P9857
amazement,P,P9858
amazingly,P,P9859
ameliorate,P,P9860
amenable,P,P9861
amenity,P,P9862
amiability,P,P9863
amicability,P,P9864
ample,P,P9865
amply,P,P9866
apotheosis,P,P9867
appreciable,P,P9868
ardent,P,P9869
ardently,P,P9870
ardor,P,P9871
assuredly,P,P9872
astonish,P,P9873
astonished,P,P9874
astonishing,P,P9875
astonishingly,P,P9876
astonishment,P,P9877
astound,P,P9878
astounded,P,P9879
astounding,P,P9880
astoundingly,P,P9881
astutely,P,P9882
authoritative,P,P9883
autonomous,P,P9884
available,P,P9885
awe,P,P9886
awed,P,P9887
awesomeness,P,P9888
awestruck,P,P9889
backbone,P,P9890
bargain,P,P9891
beauteous,P,P9892
beckon,P,P9893
beckoned,P,P9894
beckoning,P,P9895
beckons,P,P9896
believable,P,P9897
benefactor,P,P9898
beneficent,P,P9899
beneficiary,P,P9900
benevolence,P,P9901
"best-known
",P,P9902
"best-performing
",P,P9903
best-selling,P,P9904
better-than-expected,P,P9905
blameless,P,P9906
blissfully,P,P9907
blockbuster,P,P9908
bolster,P,P9909
bonny,P,P9910
boom,P,P9911
booming,P,P9912
boundless,P,P9913
brainiest,P,P9914
brainy,P,P9915
"brand-new
",P,P9916
bravo,P,P9917
breakthrough,P,P9918
breakthroughs,P,P9919
breathlessness,P,P9920
breeze,P,P9921
"brilliance
",P,P9922
brilliances,P,P9923
brisk,P,P9924
brotherly,P,P9925
bullish,P,P9926
buoyant,P,P9927
capability,P,P9928
captivate,P,P9929
captivating,P,P9930
carefree,P,P9931
cashback,P,P9932
cashbacks,P,P9933
catchy,P,P9934
champ,P,P9935
charisma,P,P9936
charm,P,P9937
chaste,P,P9938
cheaper,P,P9939
cheapest,P,P9940
cheer,P,P9941
cheery,P,P9942
cherub,P,P9943
chic,P,P9944
chivalrous,P,P9945
chivalry,P,P9946
classic,P,P9947
cleanliness,P,P9948
"clear-cut
",P,P9949
cleared,P,P9950
clearer,P,P9951
clears,P,P9952
clever,P,P9953
cleverly,P,P9954
cohesive,P,P9955
colorful,P,P9956
comfy,P,P9957
commend,P,P9958
commendable,P,P9959
commendably,P,P9960
commitment,P,P9961
commodious,P,P9962
compact,P,P9963
compactly,P,P9964
compassion,P,P9965
competitive,P,P9966
complement,P,P9967
complementary,P,P9968
complemented,P,P9969
complements,P,P9970
complimentary,P,P9971
comprehensive,P,P9972
conciliate,P,P9973
concise,P,P9974
congratulation,P,P9975
congratulatory,P,P9976
consistent,P,P9977
consummate,P,P9978
contentment,P,P9979
convenience,P,P9980
convenient,P,P9981
conveniently,P,P9982
convincing,P,P9983
convincingly,P,P9984
coolest,P,P9985
cornerstone,P,P9986
cost-effective,P,P9987
cost-saving,P,P9988
courage,P,P9989
courageousness,P,P9990
courtly,P,P9991
covenant,P,P9992
cozy,P,P9993
credence,P,P9994
credible,P,P9995
crisp,P,P9996
crisper,P,P9997
cure,P,P9998
cure-all,P,P9999
cushy,P,P10000
cuteness,P,P10001
daring,P,P10002
daringly,P,P10003
darling,P,P10004
dashing,P,P10005
dauntless,P,P10006
dawn,P,P10007
"dead-cheap
",P,P10008
"dead-on
",P,P10009
decisiveness,P,P10010
deference,P,P10011
"deft
",P,P10012
delicacy,P,P10013
delicate,P,P10014
delightfulness,P,P10015
deservedly,P,P10016
deserving,P,P10017
desiring,P,P10018
desirous,P,P10019
destiny,P,P10020
devout,P,P10021
dexterous,P,P10022
dexterously,P,P10023
dextrous,P,P10024
dignify,P,P10025
diligence,P,P10026
diplomatic,P,P10027
"dirt-cheap
",P,P10028
distinction,P,P10029
distinctive,P,P10030
diversified,P,P10031
dominate,P,P10032
dominated,P,P10033
dominates,P,P10034
dote,P,P10035
dotingly,P,P10036
doubtless,P,P10037
dreamland,P,P10038
dumbfounded,P,P10039
dumbfounding,P,P10040
"dummy-proof
",P,P10041
durable,P,P10042
eagerness,P,P10043
earnest,P,P10044
earnestly,P,P10045
earnestness,P,P10046
easiness,P,P10047
"easy-to-use
",P,P10048
ebullience,P,P10049
ebullient,P,P10050
ebulliently,P,P10051
economical,P,P10052
ecstasies,P,P10053
effectiveness,P,P10054
effortless,P,P10055
effortlessly,P,P10056
effusion,P,P10057
effusive,P,P10058
effusively,P,P10059
effusiveness,P,P10060
elan,P,P10061
elate,P,P10062
elatedly,P,P10063
elation,P,P10064
electrify,P,P10065
elite,P,P10066
eloquence,P,P10067
embolden,P,P10068
"eminence
",P,P10069
eminent,P,P10070
empathize,P,P10071
empathy,P,P10072
empowerment,P,P10073
enchant,P,P10074
enchantingly,P,P10075
encouragement,P,P10076
encouragingly,P,P10077
endorse,P,P10078
endorsed,P,P10079
endorsement,P,P10080
endorses,P,P10081
endorsing,P,P10082
energize,P,P10083
"energy-efficient
",P,P10084
"energy-saving
",P,P10085
engrossing,P,P10086
enhancement,P,P10087
enjoyment,P,P10088
enlightenment,P,P10089
ennoble,P,P10090
enough,P,P10091
enrapt,P,P10092
enrichment,P,P10093
enterprising,P,P10094
enthral,P,P10095
enthrall,P,P10096
enthralled,P,P10097
enthusiast,P,P10098
entice,P,P10099
enticed,P,P10100
enticing,P,P10101
enticingly,P,P10102
entranced,P,P10103
entrancing,P,P10104
entrust,P,P10105
enviable,P,P10106
enviably,P,P10107
envious,P,P10108
enviously,P,P10109
enviousness,P,P10110
envy,P,P10111
ergonomical,P,P10112
"err-free
",P,P10113
eulogize,P,P10114
euphoric,P,P10115
euphorically,P,P10116
evaluative,P,P10117
evenly,P,P10118
eventful,P,P10119
everlasting,P,P10120
evocative,P,P10121
exaltation,P,P10122
exaltedly,P,P10123
exultingly,P,P10124
exemplar,P,P10125
exemplary,P,P10126
exceed,P,P10127
exceeded,P,P10128
exceeding,P,P10129
exceedingly,P,P10130
exceeds,P,P10131
excellency,P,P10132
excellently,P,P10133
exceptional,P,P10134
exceptionally,P,P10135
excitedly,P,P10136
excitedness,P,P10137
excitement,P,P10138
excitingly,P,P10139
exhilaratingly,P,P10140
exhilaration,P,P10141
expansive,P,P10142
expeditiously,P,P10143
extol,P,P10144
exuberance,P,P10145
exultant,P,P10146
exultation,P,P10147
"eye-catch
",P,P10148
"eye-catching
",P,P10149
eyecatch,P,P10150
"eye catching
",P,P10151
facilitate,P,P10152
fairness,P,P10153
faith,P,P10154
faithfulness,P,P10155
fame,P,P10156
famed,P,P10157
fascinating,P,P10158
fanfare,P,P10159
fascinate,P,P10160
fascinatingly,P,P10161
fascination,P,P10162
fashionable,P,P10163
"fashionably
",P,P10164
"fast-growing
",P,P10165
"fast-paced
",P,P10166
"fastest-growing
",P,P10167
faultless,P,P10168
fav,P,P10169
fave,P,P10170
favored,P,P10171
favorited,P,P10172
feasible,P,P10173
feasibly,P,P10174
feat,P,P10175
"feature-rich
",P,P10176
felicitous,P,P10177
feisty,P,P10178
felicitate,P,P10179
fertile,P,P10180
fervent,P,P10181
fervently,P,P10182
fervid,P,P10183
fervidly,P,P10184
fervor,P,P10185
fidelity,P,P10186
fiery,P,P10187
fine,P,P10188
"fine-looking
",P,P10189
finely,P,P10190
finer,P,P10191
finest,P,P10192
firmer,P,P10193
"first-class
",P,P10194
"first-in-class
",P,P10195
"first-rate
",P,P10196
flashy,P,P10197
flatter,P,P10198
flattering,P,P10199
"flatteringly
",P,P10200
flawless,P,P10201
flawlessly,P,P10202
flexibility,P,P10203
flexible,P,P10204
fluent,P,P10205
flutter,P,P10206
fondness,P,P10207
foolproof,P,P10208
foremost,P,P10209
foresight,P,P10210
formidable,P,P10211
fortitude,P,P10212
fragrant,P,P10213
"freedom
",P,P10214
freedoms,P,P10215
fresh,P,P10216
fresher,P,P10217
freshest,P,P10218
friendliness,P,P10219
frolic,P,P10220
frugal,P,P10221
fulfillment,P,P10222
futuristic,P,P10223
gaiety,P,P10224
gaily,P,P10225
gain,P,P10226
gained,P,P10227
gainful,P,P10228
gainfully,P,P10229
gaining,P,P10230
gains,P,P10231
geeky,P,P10232
geekier,P,P10233
gem,P,P10234
gems,P,P10235
gentlest,P,P10236
gladden,P,P10237
gladness,P,P10238
glamorous,P,P10239
glee,P,P10240
gleeful,P,P10241
gleefully,P,P10242
glimmer,P,P10243
glimmering,P,P10244
glisten,P,P10245
glistening,P,P10246
glitter,P,P10247
glitz,P,P10248
glorify,P,P10249
glow,P,P10250
glowingly,P,P10251
"god-given
",P,P10252
"god-send
",P,P10253
godlike,P,P10254
godsend,P,P10255
gold,P,P10256
golden,P,P10257
goodly,P,P10258
graciousness,P,P10259
gratification,P,P10260
gratifyingly,P,P10261
greatness,P,P10262
grin,P,P10263
groundbreaking,P,P10264
guarantee,P,P10265
guidance,P,P10266
guiltless,P,P10267
gumption,P,P10268
gush,P,P10269
gusto,P,P10270
gutsy,P,P10271
halcyon,P,P10272
hale,P,P10273
hallmark,P,P10274
hallmarks,P,P10275
hallowed,P,P10276
handier,P,P10277
handily,P,P10278
"hands-down
",P,P10279
handsome,P,P10280
handsomely,P,P10281
handy,P,P10282
happiness,P,P10283
hardier,P,P10284
hardy,P,P10285
harmless,P,P10286
harmonize,P,P10287
headway,P,P10288
healthful,P,P10289
healthy,P,P10290
hearten,P,P10291
heartening,P,P10292
heartfelt,P,P10293
heartily,P,P10294
heroize,P,P10295
"high-quality
",P,P10296
homage,P,P10297
honor,P,P10298
honorable,P,P10299
honored,P,P10300
honoring,P,P10301
hooray,P,P10302
hot,P,P10303
hottest,P,P10304
hug,P,P10305
humourous,P,P10306
idealize,P,P10307
idol,P,P10308
idolize,P,P10309
idolized,P,P10310
idyllic,P,P10311
illumine,P,P10312
illustrious,P,P10313
immaculate,P,P10314
immaculately,P,P10315
immense,P,P10316
impassioned,P,P10317
important,P,P10318
impressiveness,P,P10319
individualized,P,P10320
industrious,P,P10321
inestimable,P,P10322
inestimably,P,P10323
inexpensive,P,P10324
infallibility,P,P10325
infallible,P,P10326
infallibly,P,P10327
influential,P,P10328
innocuous,P,P10329
innovation,P,P10330
insightful,P,P10331
insightfully,P,P10332
inspiration,P,P10333
instantly,P,P10334
instructive,P,P10335
instrumental,P,P10336
integral,P,P10337
integrated,P,P10338
intelligence,P,P10339
intelligible,P,P10340
interesting,P,P10341
interests,P,P10342
intimacy,P,P10343
intimate,P,P10344
intricate,P,P10345
intrigue,P,P10346
intriguing,P,P10347
intriguingly,P,P10348
invaluable,P,P10349
invincibility,P,P10350
invincible,P,P10351
inviolable,P,P10352
inviolate,P,P10353
invulnerable,P,P10354
irreplaceable,P,P10355
irreproachable,P,P10356
irresistible,P,P10357
irresistibly,P,P10358
"issue-free
",P,P10359
"jaw-dropping
",P,P10360
jollify,P,P10361
jubilate,P,P10362
justly,P,P10363
keen,P,P10364
keenly,P,P10365
keenness,P,P10366
"kid-friendly
",P,P10367
kindliness,P,P10368
kindness,P,P10369
kudos,P,P10370
"large-capacity
",P,P10371
laud,P,P10372
laudable,P,P10373
laudably,P,P10374
"law-abiding
",P,P10375
lawful,P,P10376
"lawfully
",P,P10377
lead,P,P10378
leading,P,P10379
leads,P,P10380
led,P,P10381
legendary,P,P10382
leverage,P,P10383
levity,P,P10384
liberty,P,P10385
lifesaver,P,P10386
lighter,P,P10387
lionhearted,P,P10388
"long-lasting
",P,P10389
loveliness,P,P10390
lover,P,P10391
"low-cost
",P,P10392
"low-price
",P,P10393
"low-risk
",P,P10394
"lower-priced
",P,P10395
loyalty,P,P10396
lucid,P,P10397
lucidly,P,P10398
luck,P,P10399
luckier,P,P10400
luckiest,P,P10401
luckiness,P,P10402
lucrative,P,P10403
lush,P,P10404
luster,P,P10405
lyrical,P,P10406
magic,P,P10407
magnanimous,P,P10408
magnanimously,P,P10409
magnificence,P,P10410
magnificent,P,P10411
manageable,P,P10412
maneuverable,P,P10413
marvel,P,P10414
marveled,P,P10415
marvelousness,P,P10416
marvels,P,P10417
master,P,P10418
masterful,P,P10419
masterfully,P,P10420
masterpiece,P,P10421
masterpieces,P,P10422
masters,P,P10423
mastery,P,P10424
"matchless
",P,P10425
maturity,P,P10426
meaningful,P,P10427
mercy,P,P10428
merit,P,P10429
meritorious,P,P10430
merrily,P,P10431
merriment,P,P10432
merriness,P,P10433
merry,P,P10434
mesmerize,P,P10435
mesmerized,P,P10436
mesmerizes,P,P10437
mesmerizing,P,P10438
mesmerizingly,P,P10439
meticulous,P,P10440
meticulously,P,P10441
mightily,P,P10442
mighty,P,P10443
miraculousness,P,P10444
modern,P,P10445
momentous,P,P10446
monumental,P,P10447
monumentally,P,P10448
multi-purpose,P,P10449
navigable,P,P10450
neatest,P,P10451
nimble,P,P10452
nobly,P,P10453
noiseless,P,P10454
"non-violence
",P,P10455
"non-violent
",P,P10456
noteworthy,P,P10457
nourishment,P,P10458
novelty,P,P10459
oasis,P,P10460
obsession,P,P10461
obsessions,P,P10462
obtainable,P,P10463
openly,P,P10464
openness,P,P10465
optimal,P,P10466
opulent,P,P10467
orderly,P,P10468
originality,P,P10469
outdo,P,P10470
outdone,P,P10471
outperform,P,P10472
outperformed,P,P10473
outperforming,P,P10474
outperforms,P,P10475
outshine,P,P10476
outshone,P,P10477
outsmart,P,P10478
outstandingly,P,P10479
outstrip,P,P10480
outwit,P,P10481
ovation,P,P10482
overjoyed,P,P10483
overtake,P,P10484
overtaken,P,P10485
overtakes,P,P10486
overtaking,P,P10487
overtook,P,P10488
overture,P,P10489
"pain-free
",P,P10490
painless,P,P10491
painlessly,P,P10492
palatial,P,P10493
pamper,P,P10494
pampered,P,P10495
pamperedly,P,P10496
pamperedness,P,P10497
pampers,P,P10498
panoramic,P,P10499
paramount,P,P10500
pardon,P,P10501
passion,P,P10502
patriot,P,P10503
patriotic,P,P10504
peacekeeper,P,P10505
peerless,P,P10506
pep,P,P10507
pepped,P,P10508
pepping,P,P10509
peppy,P,P10510
peps,P,P10511
perseverance,P,P10512
persevere,P,P10513
personages,P,P10514
personalized,P,P10515
phenomenal,P,P10516
phenomenally,P,P10517
picturesque,P,P10518
pinnacle,P,P10519
plentiful,P,P10520
pluses,P,P10521
plush,P,P10522
plusses,P,P10523
poetic,P,P10524
poeticize,P,P10525
poignant,P,P10526
poise,P,P10527
poised,P,P10528
polished,P,P10529
politeness,P,P10530
portable,P,P10531
posh,P,P10532
positives,P,P10533
praiseworthy,P,P10534
"pre-eminent
",P,P10535
preeminent,P,P10536
prefer,P,P10537
preferable,P,P10538
preferably,P,P10539
preferring,P,P10540
prefers,P,P10541
premier,P,P10542
prestige,P,P10543
prestigious,P,P10544
prettily,P,P10545
pretty,P,P10546
priceless,P,P10547
pride,P,P10548
principled,P,P10549
privilege,P,P10550
privileged,P,P10551
"problem-free
",P,P10552
"problem-solver
",P,P10553
prodigious,P,P10554
prodigiously,P,P10555
prodigy,P,P10556
profound,P,P10557
profoundly,P,P10558
profuse,P,P10559
profusion,P,P10560
progress,P,P10561
progressive,P,P10562
prolific,P,P10563
prominence,P,P10564
prominent,P,P10565
promise,P,P10566
promised,P,P10567
promises,P,P10568
promising,P,P10569
promoter,P,P10570
prompt,P,P10571
promptly,P,P10572
pros,P,P10573
prosperity,P,P10574
protective,P,P10575
providence,P,P10576
prowess,P,P10577
punctual,P,P10578
purposeful,P,P10579
quaint,P,P10580
qualify,P,P10581
quiet,P,P10582
quieter,P,P10583
radiance,P,P10584
rapid,P,P10585
rapport,P,P10586
rapt,P,P10587
rapture,P,P10588
rapturous,P,P10589
rapturously,P,P10590
"razor-sharp
",P,P10591
reachable,P,P10592
readable,P,P10593
readily,P,P10594
ready,P,P10595
reaffirm,P,P10596
reaffirmation,P,P10597
realizable,P,P10598
reasoned,P,P10599
reassurance,P,P10600
reassure,P,P10601
reclaim,P,P10602
recommendation,P,P10603
recommendations,P,P10604
reconciliation,P,P10605
"record-setting
",P,P10606
recovery,P,P10607
rectification,P,P10608
rectify,P,P10609
rectifying,P,P10610
redemption,P,P10611
refine,P,P10612
refined,P,P10613
refinement,P,P10614
refresh,P,P10615
refund,P,P10616
refunded,P,P10617
regal,P,P10618
regally,P,P10619
regard,P,P10620
rejoice,P,P10621
rejoicing,P,P10622
rejoicingly,P,P10623
relish,P,P10624
remission,P,P10625
remunerate,P,P10626
renaissance,P,P10627
renewed,P,P10628
renown,P,P10629
renowned,P,P10630
reputation,P,P10631
resound,P,P10632
resounding,P,P10633
resourcefulness,P,P10634
respectable,P,P10635
resplendent,P,P10636
respite,P,P10637
restful,P,P10638
restored,P,P10639
restructure,P,P10640
restructured,P,P10641
restructuring,P,P10642
revel,P,P10643
revelation,P,P10644
revere,P,P10645
reverence,P,P10646
reverent,P,P10647
reverently,P,P10648
revitalize,P,P10649
revival,P,P10650
revive,P,P10651
revives,P,P10652
revolutionary,P,P10653
revolutionize,P,P10654
revolutionized,P,P10655
revolutionizes,P,P10656
rewardingly,P,P10657
rich,P,P10658
richer,P,P10659
richly,P,P10660
richness,P,P10661
right,P,P10662
righten,P,P10663
righteous,P,P10664
righteously,P,P10665
righteousness,P,P10666
rightful,P,P10667
rightfully,P,P10668
rightness,P,P10669
"risk-free
",P,P10670
robust,P,P10671
"rock-star
",P,P10672
"rock-stars
",P,P10673
rockstar,P,P10674
rockstars,P,P10675
romantic,P,P10676
romantically,P,P10677
romanticize,P,P10678
roomier,P,P10679
roomy,P,P10680
rosy,P,P10681
sagacity,P,P10682
sagely,P,P10683
saint,P,P10684
saintliness,P,P10685
saintly,P,P10686
salutary,P,P10687
salute,P,P10688
saver,P,P10689
savings,P,P10690
savvy,P,P10691
scenic,P,P10692
seamless,P,P10693
seasoned,P,P10694
selective,P,P10695
"self-determination
",P,P10696
"self-respect
",P,P10697
"self-satisfaction
",P,P10698
"self-sufficiency
",P,P10699
"self-sufficient
",P,P10700
sensation,P,P10701
sensations,P,P10702
sensitive,P,P10703
sexy,P,P10704
sharp,P,P10705
sharper,P,P10706
sharpest,P,P10707
shimmering,P,P10708
shimmeringly,P,P10709
shine,P,P10710
shiny,P,P10711
significant,P,P10712
silent,P,P10713
simpler,P,P10714
simplest,P,P10715
simplified,P,P10716
simplifies,P,P10717
simplify,P,P10718
simplifying,P,P10719
sincerity,P,P10720
skill,P,P10721
sleek,P,P10722
slick,P,P10723
smartly,P,P10724
smilingly,P,P10725
smitten,P,P10726
smooth,P,P10727
smoother,P,P10728
smoothes,P,P10729
smoothest,P,P10730
smoothly,P,P10731
snappy,P,P10732
snazzy,P,P10733
soft,P,P10734
"softer
",P,P10735
solace,P,P10736
solicitous,P,P10737
solicitously,P,P10738
solid,P,P10739
solidarity,P,P10740
soothingly,P,P10741
soundly,P,P10742
soundness,P,P10743
spacious,P,P10744
sparkle,P,P10745
sparkling,P,P10746
speedily,P,P10747
speedy,P,P10748
spellbind,P,P10749
spellbinding,P,P10750
spellbindingly,P,P10751
spellbound,P,P10752
spiritual,P,P10753
splendor,P,P10754
spontaneous,P,P10755
sporty,P,P10756
spotless,P,P10757
sprightly,P,P10758
stainless,P,P10759
stabilize,P,P10760
standout,P,P10761
"state-of-the-art
",P,P10762
stately,P,P10763
statuesque,P,P10764
staunch,P,P10765
staunchly,P,P10766
staunchness,P,P10767
steadfast,P,P10768
steadfastly,P,P10769
steadfastness,P,P10770
steadiness,P,P10771
stellarly,P,P10772
stimulate,P,P10773
stimulates,P,P10774
stimulating,P,P10775
stimulative,P,P10776
stirringly,P,P10777
straighten,P,P10778
straightforward,P,P10779
streamlined,P,P10780
striking,P,P10781
strikingly,P,P10782
striving,P,P10783
stronger,P,P10784
strongest,P,P10785
stunned,P,P10786
stunning,P,P10787
stunningly,P,P10788
sturdier,P,P10789
sturdy,P,P10790
stylish,P,P10791
stylishly,P,P10792
stylized,P,P10793
suave,P,P10794
suavely,P,P10795
sublime,P,P10796
subsidize,P,P10797
subsidized,P,P10798
subsidizes,P,P10799
subsidizing,P,P10800
substantive,P,P10801
succeed,P,P10802
succeeded,P,P10803
succeeding,P,P10804
succeeds,P,P10805
suffice,P,P10806
sufficed,P,P10807
suffices,P,P10808
"suitable
",P,P10809
sumptuous,P,P10810
sumptuously,P,P10811
sumptuousness,P,P10812
superb,P,P10813
superbly,P,P10814
superior,P,P10815
superiority,P,P10816
supporter,P,P10817
supremacy,P,P10818
supreme,P,P10819
supremely,P,P10820
surmount,P,P10821
surpass,P,P10822
surreal,P,P10823
survival,P,P10824
survivor,P,P10825
swank,P,P10826
swankier,P,P10827
swankiest,P,P10828
swanky,P,P10829
sweeping,P,P10830
sweeten,P,P10831
sweetheart,P,P10832
sweetness,P,P10833
swift,P,P10834
swiftness,P,P10835
talent,P,P10836
talented,P,P10837
talents,P,P10838
tantalize,P,P10839
tantalizing,P,P10840
tantalizingly,P,P10841
tempt,P,P10842
tempting,P,P10843
temptingly,P,P10844
tenacious,P,P10845
tenaciously,P,P10846
tenacity,P,P10847
tender,P,P10848
tenderly,P,P10849
terrific,P,P10850
terrifically,P,P10851
thinner,P,P10852
thrift,P,P10853
thrifty,P,P10854
thrillingly,P,P10855
"thumb-up
",P,P10856
"thumbs-up
",P,P10857
tickles,P,P10858
tidy,P,P10859
"time-honored
",P,P10860
timely,P,P10861
titillate,P,P10862
titillating,P,P10863
titillatingly,P,P10864
togetherness,P,P10865
"toll-free
",P,P10866
top,P,P10867
"top-notch
",P,P10868
"top-quality
",P,P10869
topnotch,P,P10870
tops,P,P10871
traction,P,P10872
transparent,P,P10873
treasure,P,P10874
tremendously,P,P10875
trendy,P,P10876
triumphal,P,P10877
trivially,P,P10878
trophy,P,P10879
trouble-free,P,P10880
trustingly,P,P10881
trusty,P,P10882
truthfulness,P,P10883
twinkly,P,P10884
"ultra-crisp
",P,P10885
unaffected,P,P10886
unassailable,P,P10887
unbeatable,P,P10888
unbiased,P,P10889
unbound,P,P10890
uncomplicated,P,P10891
unconditional,P,P10892
undamaged,P,P10893
undaunted,P,P10894
understandable,P,P10895
undisputable,P,P10896
indisputably,P,P10897
undisputed,P,P10898
unencumbered,P,P10899
unequivocal,P,P10900
unequivocally,P,P10901
unfazed,P,P10902
unfettered,P,P10903
unforgettable,P,P10904
unlimited,P,P10905
unmatched,P,P10906
unparalleled,P,P10907
unquestionable,P,P10908
unquestionably,P,P10909
unreal,P,P10910
unrestricted,P,P10911
unrivaled,P,P10912
unselfish,P,P10913
unwavering,P,P10914
upgradable,P,P10915
upgradeable,P,P10916
upheld,P,P10917
uphold,P,P10918
upliftingly,P,P10919
upliftment,P,P10920
upscale,P,P10921
usable,P,P10922
useable,P,P10923
user-friendly,P,P10924
"user-replaceable
",P,P10925
valiant,P,P10926
valiantly,P,P10927
valor,P,P10928
variety,P,P10929
venerate,P,P10930
veritable,P,P10931
versatility,P,P10932
victory,P,P10933
viewable,P,P10934
vigilance,P,P10935
vigilant,P,P10936
visionary,P,P10937
vivid,P,P10938
vouch,P,P10939
vouchsafe,P,P10940
warmer,P,P10941
wealthy,P,P10942
well-backlit,P,P10943
well-balanced,P,P10944
well-behaved,P,P10945
well-being,P,P10946
well-bred,P,P10947
well-connected,P,P10948
well-educated,P,P10949
well-established,P,P10950
well-informed,P,P10951
"well-intentioned
",P,P10952
well-made,P,P10953
"well-managed
",P,P10954
well-positioned,P,P10955
well-received,P,P10956
well-regarded,P,P10957
well-rounded,P,P10958
well-run,P,P10959
well-wishers,P,P10960
wellbeing,P,P10961
wieldy,P,P10962
willing,P,P10963
willingly,P,P10964
willingness,P,P10965
win,P,P10966
windfall,P,P10967
winnable,P,P10968
winner,P,P10969
winners,P,P10970
winning,P,P10971
wins,P,P10972
won,P,P10973
wonder,P,P10974
wonders,P,P10975
work,P,P10976
workable,P,P10977
worked,P,P10978
works,P,P10979
world-famous,P,P10980
worth,P,P10981
worthwhile,P,P10982
worthiness,P,P10983
wow,P,P10984
wowed,P,P10985
wowing,P,P10986
wows,P,P10987
yay,P,P10988
youthful,P,P10989
zeal,P,P10990
zenith,P,P10991
zest,P,P10992
zippy,P,P10993